applicant_id,income,loan_amount,term,credit_history,default
1a7b9fae-e0da-4e16-976a-b5e8b28646ff,14662,657144,30,1,0
7d8ce617-2895-4d5e-b155-7a26a2ae37f7,17636,226200,54,1,1
79ef5c77-ca8b-4170-bdf4-1047bc9e08e3,17847,323619,24,0,0
f456cdf0-15fa-4c2b-bcb4-d28f415a2322,20556,619547,42,1,1
7bfa003a-6716-4a2b-9e65-d3aa21841639,17510,332159,60,1,1
bc35ace5-d30a-4239-a40a-b916ae2cd17a,30690,649243,24,1,0
790e5176-5b88-48ea-925b-5f29b1cb9090,21330,607355,54,1,1
3e97c1e1-4e15-4092-b752-b008ae699cb6,25865,939735,42,0,1
70abf6c5-cea0-4459-91f4-795b3c96b752,25980,793383,36,0,0
943f60b4-9ced-4ab0-be02-41f1d8e1c22f,9026,465072,12,0,0
d8f196e0-da27-4f85-938f-e4912dbf55fe,32096,705550,60,1,1
99ad76c3-d729-4d0a-b892-18eac1dc56a3,28981,910641,18,0,1
e49545d9-5e59-4a2f-9b8d-066ace6c34d3,25054,428309,24,0,0
77c43298-c7a8-47af-bade-c6e7850f2405,22411,567393,12,0,1
e866b0b8-bd2c-4a62-bbe0-08a02dddb047,14266,311510,48,1,1
b289c62f-3c1a-4917-b2b4-c3d60525e399,38292,827593,48,1,1
9a04c81b-e306-4b33-9be5-f850400203e6,26778,747748,60,0,1
87c1979b-9468-40c3-9929-6e6b171047f1,21074,988711,24,1,0
0572c00e-f2ba-4107-836e-df2cd9258182,30077,586731,36,0,1
887d05d1-2494-42a4-841c-f1559f4b1724,26524,532868,18,1,0
0962e249-ad12-43ff-8e12-912de0c1b4e1,19624,200412,42,0,1
436e3512-d3a8-441e-91e0-7f2d39bd60a1,31137,516738,18,1,1
9e377d36-facb-4120-8bfe-12da22688b1e,17308,736734,18,1,0
a986cfcc-250a-4f9a-98b5-78b1cb368c47,26056,674648,30,1,1
4f00f312-806a-43da-9a9f-e2a5196b810a,9975,239469,60,0,1
6112326f-371b-48b0-80d6-5aeea8ca9a8a,18007,230401,30,1,0
cca9750d-155e-4557-8577-d3681c72d080,0,992107,60,1,0
b40757e9-5c3a-4902-9ceb-4c4ecd37211e,19785,914159,18,0,0
1b15d1a4-4897-4281-87c6-690cd39d4c3f,11955,449710,30,1,0
c35e966b-e1c5-4f26-9130-322c43f370ef,19532,171278,54,1,1
a7a533fe-2770-4b75-9eb2-82835ec19f5d,23866,856404,54,1,0
482e1701-5614-426f-b890-ef901a5fab47,38929,390244,60,1,1
8b27dab4-f4e0-4976-9052-b6a9a89fd0b1,25206,293147,36,1,0
0a6759c7-8744-4442-9fa4-b3625b7d7a34,15811,413926,54,0,1
0cbc29f9-6111-4880-b52c-7c1ed8325c01,21191,628581,6,0,1
7e1b530f-6bbb-4846-bf2b-51963407ec1b,20767,796943,6,0,1
d07ee64a-8799-48ae-94f3-f60017953d15,26794,305396,30,0,1
93de0885-cb86-43d2-8dc4-57a989cdeb81,27002,533396,42,0,1
eb422a1c-e629-4b43-850d-2974911bfde2,30347,636930,60,0,1
c0a423e2-e300-4b2f-b394-97510397afb3,28293,398666,54,1,1
24ede08b-0cfb-4ab9-97b1-3908589af5f5,12321,888485,36,1,0
3459b894-1df2-498b-a80c-5efdf63bdef4,30945,672518,60,0,0
e5952a82-f0f5-441b-9c34-638694e9f49c,33679,410448,6,0,1
909857f9-3728-49c1-b436-34ac020170b7,11184,365753,48,0,1
44cb4c26-712e-4524-a590-78101a88d837,28729,440332,36,1,1
047b5873-5aa7-4c34-a07c-81cda2bbf6d7,21625,116728,6,0,1
af3b7430-b726-41bd-a724-70217be51920,23356,629258,6,0,1
c58c928b-bd37-46d3-a0d8-b0e144f68b57,23309,663242,12,1,1
77a5dd02-9694-4313-ab1e-cc86b947c520,23615,467314,48,1,1
6bd7e1d5-a664-4559-bbb5-e2a7a3ed572a,19632,672658,60,1,1
3a9b4257-e49a-4d19-a656-3ba61fde3f46,16121,623614,6,1,0
be5667fb-c382-41db-b28b-198765696d4a,31316,407580,12,0,0
34533935-01b2-42b7-b48f-06ef4d0e8516,18156,209228,60,1,0
10a1ee09-a01c-48bb-89cc-cbfe05685493,25605,682709,24,1,0
df4e5834-76ac-48c7-ac66-65c28fb720ba,22901,831700,6,0,1
686bd144-011c-4bd7-8233-8a381e92ca85,24730,878732,36,1,0
9d736c03-999b-423b-921f-62c259e1d3b5,30971,811384,30,0,1
1095b09b-b983-4bff-8ded-25cecf7115d6,17956,304089,36,1,1
c7e4af1e-2081-4185-9159-9f624be99332,29696,800546,48,1,1
cc132187-7513-409d-8513-e6e672a7813f,16054,137607,24,1,1
d47b8f58-5389-4729-a8f0-aab1d978c9d4,17404,758278,48,0,1
283aea42-a1b9-43b2-8271-14a301953e1f,23829,556072,36,0,1
30aa8c3d-8b6c-49ed-b378-eecf2c55754d,27641,291307,42,1,1
78580450-2266-4920-887c-8ab0c2dccc8e,18319,347672,36,0,1
fb947140-a573-4fa1-8f93-8e5808831d81,32781,879652,48,0,0
f5ab65be-632a-4ece-9e90-d2a4795a81a1,33812,896189,54,0,1
b7cc6abb-01d4-4b3d-858d-86f4c45e619a,16325,749438,12,0,0
254514af-aba5-4701-ac79-5377fd64e8ef,23691,396307,18,0,1
8ebe160f-8265-4ed8-8d61-092b5b668029,17462,736118,42,1,0
101d9cfd-8c64-4e20-890c-e0203e78821e,27033,176725,24,0,1
6d1db67f-81b4-4568-a9f9-960ec6f48e21,18797,987445,36,0,1
c2eb53ca-7bf7-414e-8a57-ef545a2a0c29,14014,615149,54,1,1
de58c4c3-2a9e-4413-a2dc-e1892ad5ce9b,20639,128568,54,0,1
815ed765-c1b5-4dba-9f14-cfcd1ddb5e3d,21830,418202,24,0,1
d7ff61f0-09ed-4ec0-9e2b-25977a356c0a,3323,527829,42,1,0
aafcf718-55f8-489e-b73c-290403c913c2,28810,901421,42,1,1
feec5378-7675-4992-bd16-93e081950d28,16030,892855,12,1,0
a0b17244-937a-449b-b98f-342c68361aa1,4734,231440,24,0,1
5a201df5-0f60-4de0-a7b0-1263892ecd91,34826,614809,36,1,1
95e9b3bd-82f6-4ede-87e3-dd083639f80f,23804,874070,54,1,1
295e63e3-f34a-47ea-a580-5414a0dbf4c3,12259,255467,12,1,0
2860e872-c814-4cf5-bcb9-4687663a0668,19694,600500,6,0,1
a23cdb58-8d14-4b12-9c05-669fa9202f29,27958,234356,30,1,0
71a8939c-187e-4f7d-9892-257b20333a7a,18227,560900,36,0,1
f3e30dee-1732-4d16-80d7-a9c4b645a98b,21761,602486,54,0,1
2c42ac0c-0047-456b-92e0-783a388253b4,21408,343895,48,1,1
86ffbb15-3052-4316-b9c5-d591a877f65a,24585,448150,60,0,1
e64ba085-6eb8-489f-9d95-d7bfcf0927d5,8427,107267,36,1,0
6d55d13a-fcce-4cd0-8794-0d764e56ad4c,13037,158482,60,1,1
aa48a5ef-309b-448a-b14e-c6fb1afae15e,27343,896668,30,0,1
e6669df1-ba35-4aa3-ac86-fdef323bd333,34079,576583,18,1,1
9dbaa4e3-15af-4cff-977e-06ed67f57fc5,16577,668988,30,0,1
81661a2d-23b4-4e1b-901f-9c061febaa61,29003,956288,24,1,0
0cfa4b34-75a7-4a31-b9f8-67da9ff43af9,19764,942185,48,1,1
7829a8e1-2d9c-4e42-ab01-7b24bb887734,17664,367666,6,1,0
4bdcdd36-507a-4cb5-88e4-d7aadd812330,27056,157561,48,1,1
7ac32691-836b-4d4b-ab86-dfec8f628f33,20618,997316,6,1,0
cd612954-90af-407a-8aa5-b781d5b6200a,21678,887962,24,1,0
b08abbfb-ce6b-47d7-8c53-084ac9b4bc3f,21766,636167,48,1,1
1fe4ddbb-c3d6-4179-afa7-1261b25b551f,18381,300147,54,0,0
07a842c3-d9da-4e05-97e9-06d315202897,23478,908139,36,0,0
f28ee872-3b4e-492c-b9ce-37b374852e51,29505,642415,60,1,1
6bcc5bae-62d6-4927-92cd-60beeb2fbde6,26127,633830,12,1,0
28c18bea-535b-4a70-9636-2cd1ddb3492c,34134,341624,36,0,1
9d14d747-a2ea-4300-9370-f8a4fd686054,18668,414173,60,1,1
f06cce80-440d-4e50-ad70-a863b3d29246,18920,634784,60,0,1
5eae47dc-d20f-4611-83fc-8425fe5de5b9,17642,454447,54,1,1
0cef7f9e-8180-4251-91de-5c657770d8fd,31157,582201,48,1,0
9160faec-a1bd-4188-ab6a-a118dc840b19,18726,778962,18,1,0
0939a3fd-2c51-4010-b212-86db399ae0a2,29881,169316,48,0,1
66ad154b-0c99-405f-8e6f-cc98785080f5,11416,803028,12,0,1
d14f937b-80e2-46e3-9b2d-d7a3f59e2bd4,29889,158410,30,0,1
820960fa-af32-4b30-a0e5-e6ca2a58550b,24712,192524,6,1,0
547e606f-b6a1-4ca7-b271-90644586e9a7,13040,523725,6,0,1
92fb3996-65b3-4585-adcd-986da1d22e8b,18444,115577,42,0,1
a78a0307-3e10-4a7d-a022-f60b17c88abb,16598,678518,48,1,1
de1ef7bf-7554-4e31-adf5-f23ec24e48a7,21111,308703,60,0,1
6b53a651-510a-4667-8760-d5a27923bd03,17499,218372,30,1,1
f8e43103-c5d1-4497-9329-267aa1ffb3b2,14360,977183,42,0,1
0b6ac61f-f7e9-46d7-a8a0-376cb1e06789,23075,977625,24,0,1
17f42084-c4ce-4c27-b064-d6296e403f14,22773,622608,54,0,0
9e368822-a2c0-41f6-8340-9bce0837aa66,18946,138281,42,1,1
eea0fd99-bfe9-4567-97f9-ce920fd97c15,28296,665477,60,0,1
fdd1bf43-a144-4f47-a6b7-9d7dcd829d6f,34030,106202,6,0,1
f610e216-e305-41a4-99ae-258264a3575b,14374,993884,48,0,1
ac1132c9-d2f4-44fe-8a67-40692e12b499,29491,626171,48,0,1
19db795d-9083-4cde-9033-ad2a8e5b6d46,20051,171995,6,1,0
3de16c90-d9ed-4952-b5fd-0b3078b60bc6,31611,625954,36,0,1
15b541b2-9e5e-4201-8839-0ba593baf341,34368,343892,36,0,1
e4092629-8b2d-4e52-98c3-53a1c0bac848,18310,346341,24,1,1
96ae9b57-c80d-439e-b8e0-1e7bfa748fe1,15319,803718,48,0,1
3190ca80-d91b-4ac2-b5e3-9f5e6d892086,12692,570373,42,0,1
8c158969-f6bd-49dd-a413-d665ee1fcdeb,25649,943185,24,0,1
cdb62e74-c103-48db-9219-d5d4d981c6cf,15780,381103,18,0,1
c8d45c8f-15e1-48bc-8302-cdee4876d4a2,17245,110212,54,1,1
a4ede31a-aa6e-4f67-9ae0-f9b92add3a90,8490,297073,54,0,1
47e2c618-f53b-4c1a-8858-f165336ca7f1,12321,712993,48,1,1
f17b0041-008c-4ffe-963c-6e03fea98cea,12402,111527,30,0,0
7b1a2113-b39b-4c5a-b59f-40991ca0ded6,16691,311032,48,0,1
d6e3cf38-3e0e-451c-8dac-74245f26392c,9007,426675,24,1,0
962f315c-5b64-4499-8aec-138a00847f1c,21463,859944,24,1,1
47e7b9e4-c1f3-482d-a338-689c3c65abaf,16504,874884,60,0,1
a1b4593f-a927-4147-a2d0-cea8bdd2c548,20589,348053,24,0,1
3d9eef4b-ddeb-4a18-b6e8-93f9cdaa1346,15123,332293,18,0,1
66ad7bed-98b9-47f1-ae44-97d49d0e987b,13491,138639,30,1,1
d6b7fb92-807c-4266-bf8e-a9c790caea29,31346,575002,12,1,0
13f65a56-786c-4884-aeaf-68c92af9d1d9,16246,460982,42,1,1
ff276b5c-7d44-4fe1-b3ba-99adae33903e,25648,976443,24,1,0
440980f4-0b0f-46b4-ba80-a49a80f942c0,31075,544438,42,1,1
fb57dc63-7c16-4fbb-84bc-187d2c0106e0,20233,348461,24,1,1
0d3cf3b3-5cb3-402a-a5e3-c3d033016616,27592,697811,24,0,0
98983265-2139-4708-923b-24daa361933e,26513,991370,18,1,0
2416b6ec-a883-44d8-b679-fce2684bc3e0,17195,283415,24,0,0
59a9b2ff-ac75-4d01-9e25-b6ec65808d13,15883,180607,6,1,0
9c0ed9c3-b3a3-41c1-882c-d6054aa67e2a,17098,700107,18,1,0
8258acf9-da21-44d3-ab6d-af376a014b77,23572,922674,48,1,1
d1679661-2377-4207-8db4-acb88669a9c2,23094,198355,36,0,1
27e48d22-73c6-4b2b-8343-82970c07b7d1,32104,375995,30,1,1
459007ba-7677-4c03-8270-6f4350725ec1,17375,198275,24,0,1
fee88f9f-fae9-4b9c-a10b-e57368d54869,19318,964099,42,0,1
90f7cf42-e218-4277-be86-14391a68f91f,27593,679111,24,1,0
56729896-0781-4d5f-849b-c521a9d8a304,16406,521294,36,0,1
e8d7a7c4-7a6c-46da-8d44-5e4ff2aa778a,11436,106005,60,1,1
6fc4bf2b-a3c9-4bee-b8d7-9da542554ae8,27256,652346,48,0,1
bc91ccd7-8ef6-46e6-98f4-33b4b57f225e,20178,210931,42,1,0
d76ca55e-f983-4ec9-9691-32464fe58b43,23161,661522,42,1,1
0d9b9bed-e254-4c48-8046-33da28217cee,12232,973297,30,0,1
523784d3-92cc-4d4e-a02f-1f123f482f7f,12047,325017,60,0,1
831eac79-e42a-4d5c-9fd0-a3b3c4cb605e,26130,228841,24,1,1
2b4e638d-7066-46dc-be48-7045973c8314,23659,754510,30,1,0
5edb0168-e2c7-40d1-ba98-90344e1a7d1b,16846,177150,36,1,1
f1a7161a-3f33-43ab-81b5-8e856bf19a9f,14130,566360,48,1,0
275ca8f0-a1c6-4159-96c8-a07b3cca1625,14671,962140,54,1,0
a7f90190-cc8e-40ee-beeb-673bf8636b0b,22005,462957,18,0,0
6eaf259d-3d89-4287-b87a-7fe63a00e8c1,16474,898897,60,1,1
4a868b78-daab-4bf7-9106-516be8534c0d,9817,318319,54,1,1
31f5ae1e-c17f-40d2-8531-1fb5fa2972da,16763,419092,12,0,1
3b12866d-2e74-4909-8990-e7438d044cd2,26567,450072,12,0,1
b1982c40-284c-4168-8ee4-24ff37269f85,16402,563485,24,1,0
4704fd2f-10f2-499b-965f-ad2ff8845703,11319,691195,12,0,1
b952147b-e68a-4835-93f9-d2083c004951,20841,102797,24,0,1
d1ae85b8-4c4b-4155-8c55-2d4b62333ac8,25670,313279,36,1,0
9b8b0092-2093-4e73-b76c-b0d1617996f4,28956,858511,12,1,0
965eb810-827a-4ac1-828a-8b139bd94f6a,17370,293961,48,1,0
b88f6d45-f3dc-49a6-90a8-4718cda10419,19830,678224,12,1,0
e5d11c24-7a87-4420-81f1-c38180a13ab3,30633,397540,60,1,1
ad5aed8b-b384-4b01-b53a-5d8ae0fc8bb0,13111,679231,48,1,1
7309ffed-d079-48e7-b7f8-325f3e3ad75e,13223,119147,48,1,1
d2d36c6d-e7a4-4e73-889d-d84deed030c5,26288,168796,18,0,1
ed13dfad-60f1-4a7f-a6cc-3681b5818884,20593,237737,6,1,0
a8895890-1f9f-4a15-8315-2c7527155834,19851,310156,36,1,0
f729ad95-cbfc-4f08-8113-999d929f9eee,20014,360691,42,0,1
b353cace-c37f-4694-b317-70d4e3b3be3a,19743,843215,12,0,0
d1a702fb-98c3-4b69-91a3-c42c569ed8b8,14980,815408,18,0,1
851bafda-0b63-47a1-b280-6a59f8e5f46e,33578,967219,18,1,0
d3b73f21-6128-4eba-b972-46d738427b34,11279,181757,12,0,0
086dd01b-040c-4612-8da8-c4f61b47f6ec,16839,507584,48,0,1
805005f1-6053-4682-9e72-f7676810e983,13954,803564,42,1,0
5800bcae-c84c-4a3d-b5f2-90be0f527903,18460,820163,12,1,1
f966a136-4a85-4fdc-9d44-53d33efe587a,22701,453363,6,0,1
14fd697b-bc6c-44bd-90b7-94389e3dcc76,10630,630139,18,1,0
798bd29c-f08c-4eda-86ca-3d2a24bb504b,24437,204347,6,0,1
9560ab8a-adcd-4733-a7df-bdfdc936d09d,25909,510276,12,0,1
e8a9dd29-bbbf-4cf9-8d18-a4965b840428,26342,167615,54,0,1
e331b19a-4ead-4f8b-85f4-fa5fa102132a,16569,264920,18,1,1
2f401628-5950-4232-b880-117e6ab7bb7b,27811,406615,54,1,1
353e0cd8-9333-490b-af21-f1e0664b3d19,18110,970587,18,0,1
b4cc3df6-ddc4-4a3a-b401-9b1220a8d419,32902,394943,24,0,1
29507c4b-9a21-409b-ae3c-9164f3cfc841,18544,174183,48,1,1
7719a897-736c-4e62-8e3f-3d60eb84f61b,16576,604891,30,1,0
b24d4ec0-02f5-4a1b-b502-a8ea5be89432,14926,672973,36,0,1
c57f0647-c0cc-4edc-8713-5d2554aa097e,8159,533597,42,1,0
060ecf17-5cb9-4e67-bdfe-7f038b74c01a,11700,519108,30,0,1
c2e3348c-3def-4fd5-845b-acc394f8d9b8,23546,876278,42,0,1
1dfee6e9-8855-407d-ac3a-ac0f50c82eef,8644,983570,54,0,1
06bc99ff-f571-4203-9aff-e8c458ae07ec,14248,616616,12,1,0
637bb1af-c53e-4dc9-b055-0816a0ed6945,7219,369509,18,1,0
7eec3de5-d35b-4e8f-98c3-e42fe0e3847f,13219,540573,18,1,0
2475c528-b045-4199-b058-88b2990ba70d,22276,589799,24,1,0
c9297aee-09b0-433e-a554-68c162393007,8951,533963,48,0,0
2415143f-0aaa-4dab-8a6a-4af12d813b2e,14294,127715,36,1,1
c3ec540e-c9eb-48e3-a9da-1d2f8b8c05ea,26385,716872,30,0,1
65de69ca-1c05-4169-9a53-2b99611ab9af,21455,490402,36,1,1
dd6f608e-ced9-4d0b-809c-da0ec0e75acf,17983,619745,48,1,1
0672a379-504f-43d4-a143-53842b5e597e,18004,211737,24,0,1
a3ce61af-9646-49d2-ab99-a9253ca917d5,26806,788328,24,1,0
8a7a9cdb-4871-4497-b10a-180c119a8189,18382,720947,12,1,0
467daf22-e7a5-47c6-a5ea-920321291878,27516,649435,6,0,1
64720927-bca6-49b0-a6f3-7781fbacb91c,16231,195296,24,0,1
8a08cf12-f498-4e51-91f4-4b37f6e7193d,28827,933643,6,0,1
7177eacd-c8cf-419a-811e-a1176cfc0ab9,18842,710410,54,1,0
8982b39f-898a-4b47-9cc8-c16e538c6fbe,28390,642328,30,1,1
621ca8c8-6382-4798-bde0-01e20391df95,18923,781736,60,0,1
ec5557eb-8720-43d6-8243-917fd025b617,27574,260346,6,0,1
402a38c6-3a15-4ed2-a7da-887efcb45b44,18247,803880,18,1,0
71768645-4dba-4ca2-9f6a-0e19820428f6,26393,127201,48,0,1
70ee2c19-979b-459b-93f1-f0c7ab1f2c8c,17096,113063,54,1,1
622c9576-5085-42f2-86ae-0b449b00c9eb,23510,973278,60,0,0
73a516f8-a3ed-4503-92a6-9f059aad38f3,30540,656568,12,1,0
68006058-dc08-4b09-9646-77f74c672735,16197,669418,12,1,0
344f71a8-adfd-4eba-9d35-a5ff6a6f2992,28010,241874,18,0,1
e4e62908-ef9c-4b46-b984-60449e25b733,20252,922074,12,1,1
fbbaf7e3-5feb-4236-916c-61db578eb6a7,36100,451443,42,0,1
989fb5db-d717-4f1a-8e4b-04e301236928,26545,112427,24,0,1
57251548-305f-4686-b169-4cdbf2cbccd3,19969,702573,48,0,0
7294ce96-c757-46bb-bb4a-b41e1d275d3e,22250,509725,42,0,0
a26c133f-f217-4711-a1b2-d9b808d9b2aa,23833,308268,48,1,0
35a4252d-91dd-4643-abff-cec763f9941e,24346,717447,6,1,0
1e4acec6-a115-4820-b7e4-83bc2fa65670,6948,389997,54,1,0
203d9c7b-33f4-4e62-8338-4129a85ffe9d,23174,345101,42,1,1
1a2952f5-3afb-4b99-8db3-00aeb09df0d8,28533,490325,48,0,1
bd3114dd-deef-4e87-af94-620993398177,16636,993263,24,1,1
62da4eb1-4ddb-49a3-9523-b1304287bea5,15981,966479,54,1,0
783b6b69-bcde-4131-b978-a26e20da4d3e,9786,227082,60,0,0
2ec58de2-a799-43af-90d7-59c5aa943a71,7855,918377,54,1,0
f896ff86-dd80-406f-9f0e-362b739375e2,22276,975274,60,1,1
c3731e9d-f52d-4eb9-8909-aa8fc9a8973c,21335,885080,36,1,0
8b0a0438-a62e-4be7-a7a1-a138fc7d2ea3,19697,129152,60,1,1
4eea8b03-2060-4108-a81b-34b62ba58d37,21385,592112,42,0,0
016b7c94-aa54-402a-a93c-059517d42d18,22032,627104,54,1,1
c9a2af92-b953-41d6-ac9b-7d244a96d749,19366,783712,48,0,1
12ea41fb-3fcc-4e61-82d5-27fcea39edf3,24904,553354,60,1,1
7fdb31ad-6345-459b-9f14-2323f92277fb,23701,246850,30,0,1
3f7314ba-adf2-4df9-b960-5b8ead10f9e5,15053,405951,42,0,1
6c89a9f2-55ec-42ad-8dce-be4270f95a04,24761,837153,30,0,0
5ea68c63-1788-4fe4-bd0a-6dd31bcac4f6,18241,920351,24,0,0
30cb8963-1c75-4c3c-a883-302cf77d7938,20809,720733,54,0,1
b7b95b34-58d5-4abb-b9f7-2e3fc6a424b7,7099,366791,48,1,0
af7484f9-1b6f-4dff-aa47-e4492d3f9417,21564,308940,48,0,1
b7631aa8-b73a-40ab-8c37-ae4a3a4771d8,26815,827317,12,0,1
db81ee90-7d1c-4de7-bb1b-c515da47e202,15242,718246,18,0,1
b5160d98-610f-40ae-ba69-824e27c1f130,21567,667456,54,0,1
83131596-7b0f-4a8f-8e6d-613f7af091ef,26244,498475,60,0,1
999f0686-1d59-4125-8185-f9fc860e9674,21106,463594,42,0,1
b8c5d6c6-b3d0-45b7-a56c-fc7a79f49473,21946,562212,42,0,0
9d203c83-85c6-4b2f-8f15-5fd2d79423aa,22529,578768,54,1,1
aa68f621-b6cf-4beb-8f48-c10ad5500dd8,27863,417333,60,1,1
ff12fffc-ea52-4cf0-b891-7c06b3a55c8d,22753,495499,30,1,1
cb28e5e4-5a07-4865-8e20-f91fc61dba68,15692,150480,54,1,0
ab78dbd1-8f43-4eb6-954d-e07984030f2c,15253,470869,54,0,1
10e06d5f-c721-4d54-8970-111316e3be25,30559,921166,24,0,0
58bd48f1-54ce-4f39-a065-2f3f1bd4c859,11645,930763,30,1,0
1529d290-3f7e-449f-98e8-cb867af4d524,15815,533206,60,1,1
4f2521ec-e7aa-4e5b-b71a-31d0b5adabc2,12936,394142,60,1,1
729d2baa-46d2-48a6-8177-79398903b865,18530,289482,54,0,1
476fe5a8-f024-4b67-92a9-3576a0b97dd2,24697,960611,6,0,1
ad03de34-d0c8-4bdc-ae9b-d55f75d472de,23598,883716,12,1,1
723a85e5-d929-4fe1-a5e1-3593d791996e,23964,633352,30,0,1
e2081664-b634-450d-a5a8-cef63f634e74,19875,503234,60,0,0
de5c0e5f-6159-42d5-a97a-e8e2a8908097,26227,680300,18,0,1
b683f81a-efce-4999-8844-9aa4cba64958,18073,467406,12,1,0
62d00dd6-a8e9-4aef-8197-9fccd91f7546,28166,215882,30,1,0
346382f3-ae07-4269-89ba-f00877221172,19338,597240,24,0,1
7b17e091-6813-44a0-9845-a18b15ccbd8e,14528,785214,24,1,0
5d02d263-d691-47ba-ac6a-f5ded58efcf3,10441,740942,48,1,0
732a7a38-b9c1-4c68-8d8a-435c70a620ab,34903,858793,36,1,1
3900c292-38f2-4bcf-8215-88e72a242c37,23407,405933,48,0,1
887bcaba-3294-4419-b21d-e46376fdb3a4,12200,555338,60,1,1
7cd2a566-c560-4d40-b46b-ecf57346d9b3,22656,880552,6,0,1
98958990-fdc4-4f6a-92ec-a746a9f5f555,33564,468287,24,0,1
44df77d2-b890-4d7b-be3e-507fd7c5a0ab,23613,666438,24,1,0
d9af2d26-2d91-413a-a67d-ce72e70f0350,27817,488878,48,0,0
241608c0-ea95-4f03-9d8b-53caf7c5460c,17152,789472,48,1,0
f0e03c27-9c4a-43bc-8189-67aea208367e,27188,284411,6,0,1
c29c93ce-1562-4d2e-bd20-67ce6e4e4b7f,25877,666269,60,0,1
f2b068cd-fe2c-4a04-ad64-43aa07632afd,29306,439165,18,0,1
3ee9a27f-5c39-434d-a37c-1043b5dc448d,13656,854053,18,1,1
e045d898-64aa-42fd-af83-bdadc823b4e0,18344,442412,24,1,0
04ac0c9f-6427-4065-8428-4b4a6f0232db,18441,632187,12,0,0
33e4aa39-120b-458f-bf5b-56442797f126,9102,907830,18,1,0
b5e9c895-72be-46a8-839d-a035831fcf70,16046,751773,54,0,1
a881930a-0905-4eac-bd4a-6dbf8770cfda,15658,496959,6,0,1
24a8975d-f616-4473-af42-907bd144d25a,4901,423718,6,0,1
8ef3022e-6452-44b1-a81a-3699d8517e3a,17346,192101,18,0,1
694df4ea-0e20-4ed4-b7c8-aad1dceeedc4,17076,347749,60,0,0
a3fb3e91-2baf-4300-89f2-fd368b30b6a4,12727,507953,36,0,0
2514d490-9660-4460-a2f1-fe7225c96764,18555,350004,54,1,1
586979be-1279-4f61-9243-bdc446a86122,10196,694243,18,0,1
299806e2-4c0f-44fa-a85f-92acad28470c,26539,665352,18,0,1
7baafec2-0a65-4a2f-a72b-dd4762eba194,19108,358084,48,1,1
2ac2791e-416f-4604-8445-f1f929adc070,23238,731341,42,0,1
f524a8f7-bca1-41b3-b485-3ae36e69a893,22192,466392,48,1,1
5f6f9f63-7236-4e8b-8200-18e1075ef72a,18000,367427,54,0,0
31cf3d92-d53d-4db1-a824-70960e9f3b2e,19559,907201,30,0,1
32e5d44c-e5e9-447f-aa0d-01a6486679b8,23098,496326,12,1,0
ab62b2d6-5b0c-48c8-b1c7-fb770e14a776,30228,399655,42,0,1
31cf2011-97f3-4c63-96db-cce3ac2dc585,28844,969194,12,0,1
b0ec68f9-2384-4968-a75e-6c844edb1f11,18983,539179,42,0,0
220d4999-dfc9-4e7c-9c76-6b644292739d,29669,695798,60,1,1
71b93db0-c4a4-49cc-afe1-af12ceaad50e,14417,939059,36,0,1
04511456-5898-4115-9239-6006a8148764,14811,614359,48,0,1
0909736c-5e9f-42b5-ae2a-d127fb3f91fb,19245,813487,24,0,0
c73baf02-92a2-4692-9f67-71c82534032f,23667,777425,48,0,0
229720e7-5ff4-421b-a8e8-70280f762f1f,23687,220146,36,1,1
7a923c13-239f-414c-ad85-09315e3deac7,1861,362374,6,0,1
fa98d2ab-6fe1-4321-afa5-f21e120eeb01,22535,298741,12,1,0
a37b1361-159d-45f6-8aeb-d2d726fc126e,26376,964610,18,1,0
51ade05b-8ff3-46b2-a3ed-b484d41d94e7,25370,481902,36,0,0
b5a8e274-97fc-4419-a0d5-f19dceb93a8d,23083,608596,48,0,1
cffe87e7-3acd-466a-8633-d76a1cbc3642,19590,586014,30,1,1
67a2df09-2abb-40b8-ab50-3b8d6f1252cb,23608,144430,60,1,1
8619b934-0cee-47d7-9fac-66b0e8051292,13207,362823,48,0,0
214f3f90-76c0-4aa4-a661-084fb202c177,16573,511698,24,1,0
a37828e5-1779-4db4-acea-66e85e459ef8,28070,604980,12,0,1
e925055e-43e5-41be-a210-c32be24a3c85,30365,363802,18,0,1
542e4b00-9319-4014-8804-3360ec8897a7,28799,721978,6,0,0
c75ba703-38e3-4760-9a68-0e605ace5657,29228,681343,60,0,1
4c847382-7cfd-4223-a25f-e9c646d4c4e5,21908,708645,12,1,0
29820595-0e12-4422-95ae-de5b889a27c7,32182,897332,48,0,1
5946ab0e-fbdb-4b9d-b05f-ca5a7bda15b2,25361,460941,18,1,1
9ba149a3-ed05-475b-943e-85574c319baa,24279,766639,54,0,1
b3a8c536-8d6a-429f-9ab6-fe82ce21e1c9,32853,973259,48,1,1
b47533a0-8cb3-4997-ae6c-c30232c4a708,17011,291677,54,1,0
e0abbe9a-e196-4a4c-bd93-cd152c6f128d,31255,706929,48,1,1
af17414c-3a20-4afb-99e9-4b515fa13c24,16335,294902,18,0,1
ff629c05-070d-48af-8b3d-9d29a9a9d144,17955,207201,48,0,1
be136f2c-94f8-4da9-bd1e-2646a995b19b,27164,953751,6,0,1
be8f8511-b6dd-40ad-86ea-3fd92772a129,26614,406494,24,1,1
042f63d2-e6de-445a-a375-7ca317e5cdd8,18671,624708,36,1,1
acdca5b7-10b5-43e0-bea7-2e84778cb3ea,34671,946196,18,1,0
5257345b-1080-405d-8da9-9c9d8d09599f,22813,350069,42,0,0
45317da5-0195-44b9-951c-b3cb9db8d88e,23578,772286,12,1,0
74e6361a-99ca-4718-b0e1-5bdd7e516f3a,19438,472126,60,1,1
2c085b33-5339-4560-a126-df265718fad3,10623,875218,54,1,1
138e7705-bda0-412e-9959-af01d14032e1,23923,838963,60,1,0
8173a9fb-a38b-4ef7-b932-1f75264b202c,20418,136606,36,1,0
985207c0-ab8e-49ca-bfad-b77c24958fab,23324,462446,36,1,1
290c51af-534d-4bf9-8ba3-16585939dde5,34805,569799,30,1,1
78ec72ba-eb01-41a0-8963-8a5133b7b677,14225,500022,18,1,0
721a5c86-afcb-4fd6-ac30-0b2dc4e8393b,18156,661075,6,1,0
8d50a088-f9c1-4aa9-96d7-bc6daa28e09c,25670,288352,42,0,0
8f8c9ffd-5aaa-4572-b670-8fe60bc6ab66,22593,213289,54,1,0
7cdc4b8b-1f67-4c07-85d3-c75ca2887d29,0,869805,30,1,0
db432276-b0b0-401f-9de4-02a4877d3bde,22193,116737,42,1,1
bc81022b-f0e3-4d8f-9bfe-a68dac7ec119,13791,338896,48,0,0
b36a1c53-8c27-42df-a2b3-cb7cc9d0ef05,29502,635568,18,0,1
b8e442af-7479-4a62-aea2-0cde1c4b2a23,25136,523470,48,0,1
af649064-229e-417a-bb2c-2198053c864b,9640,953871,48,0,1
cd55981a-21e9-4d93-b6ab-b00515a82827,23258,952802,30,1,0
d71fb993-74fa-4e65-9955-764d3b6c5bee,9971,582721,60,0,1
30ca2365-4ee0-4f22-a66c-6e0fffb548d1,27633,938688,12,0,0
bf109000-8a95-4bfe-9297-e2086781abe4,15141,372424,36,1,1
f8fd5428-4173-4379-88cb-9af5ac83c781,21915,588244,60,1,1
8840308c-9ffe-4983-ab7a-3d96a0073de1,18682,707804,24,0,1
7450cd6f-5501-455f-a373-6e59a63f03cb,24825,674326,42,0,1
19a5898e-4e07-4053-a15f-b8eb1fde34ab,21452,299841,48,0,1
b6d5c83a-108e-4ab5-b2dc-c88fa8ca9270,16886,306884,6,0,1
81d91cba-3f55-4fa8-bbce-1c126ff7ec12,19646,269116,36,1,0
8b4bec3f-86e9-4c3a-b36f-ef3cea332ea5,17476,691385,24,1,1
19b3f593-5ee1-47c2-864f-a7262b1830a9,9162,292365,36,1,1
5368d069-1039-492a-ad04-6605dc9d4df1,35348,599896,24,1,1
73c695df-d787-4e5a-bff1-90b16bd25485,19533,916693,36,1,0
551611c1-e3b0-4139-893e-d2a1cf3924e4,11465,275440,24,1,0
2cdae4b3-d7f5-40b5-a293-ef9c08c813a1,20786,992598,54,0,1
8a946dd9-ea69-4fe2-898c-0098532dbc62,13753,393984,42,1,1
1113cced-2f21-48b3-bda2-f04b5cb81b7c,23343,211254,18,1,0
48c36aab-8827-448c-bba5-b8dbc562d72e,15949,718931,48,1,0
606b302b-c245-4228-8c7d-b1198f9124ef,8582,472224,18,0,1
bf96fbeb-0967-4f2d-8ea2-dca20a3a1915,14136,506485,42,1,1
6188517b-ab0a-4cb6-b213-567693d0cadb,19814,678493,48,0,1
b616b969-1dc2-474b-97c8-6c90d0f13ca7,27655,391500,60,1,1
67f14837-bd94-40e2-ae38-5db72bb1606c,31098,842803,18,0,1
9cbf4cf2-d5b4-4afd-86b5-0db564c7d8f3,22641,898164,6,0,1
0e26691c-e71d-4f79-8387-08eaf3bc3f40,26073,849481,36,0,1
c87dfd3b-ea16-4b8c-9fd1-ced3170147ba,20678,755489,60,0,1
d45c18a5-30b1-44e3-bb2a-a8aa304bae11,17923,856285,6,0,1
3ea91990-3388-430b-8c47-552956e9ffdf,22925,529149,48,1,1
595ec75d-0280-432a-bbd5-9371ced7c61b,31821,691160,18,0,1
bfae339f-c204-439e-be30-ae63bd833973,22187,652019,6,0,1
9a8fd716-843e-4988-920f-70bb43feba7e,16706,799712,36,1,0
612413cf-acbd-4a76-b240-f3dd97c9e832,23182,264013,30,1,1
a918d643-348c-4fbb-9916-7d385e41cf06,15194,630248,30,0,1
339e72c7-f5de-4c83-b870-4f4023259740,14180,888164,12,1,1
3662c64b-d2fd-4ea3-896e-1afa39d8e71f,24354,812686,24,0,1
5f2cd2dc-9974-4cf3-97cb-9060c7518cef,15178,820241,54,1,0
82d14002-6eee-43cc-b893-93560e9d24b4,21115,751330,48,1,1
ffaf0681-f6db-414b-9159-0993563a8722,20457,494640,30,1,1
ba486c22-b1a2-4e46-a61a-09b252db70a5,10489,843816,60,0,1
68c10b8e-5495-4f68-9f4d-bd2a9970566a,24921,259765,48,1,1
12af916a-d69c-4ab7-bf25-a1e8503c1c81,24702,621773,36,1,1
a0839bda-f2cf-44a3-909a-53e38be81a04,15709,490127,18,0,1
3e1348c0-4307-4e42-9388-5b6e4b68be85,33573,663239,48,1,1
a782e061-e1a2-4727-a13c-56c3d56f6d2d,11826,681053,30,1,0
da97b3eb-3e75-44ed-b008-4da5a601fcff,25515,324430,54,1,1
3781add7-c495-445b-ae51-482c59911cf1,13229,979588,6,1,1
86881263-6f4e-45a3-8717-8d57c183170a,31090,106259,54,0,1
d05de728-7a73-4bed-aeda-538b6ef44ffc,20273,367153,48,1,1
f7577262-8576-47af-a472-6dbaf06383e3,31236,115038,48,1,0
944276a0-6ec9-4985-b794-851b826f02b3,20464,192572,36,0,1
2eec553d-e1b3-44e0-9587-c946f491afcb,16940,625518,42,1,1
b77a2876-1576-4040-b685-a0bace7a3c93,24239,779786,30,0,1
d7d4008b-36e4-48de-b1df-7d6f883b19b7,28907,539136,18,1,0
14888921-b600-4f94-bd53-ece7f41bbbba,14813,497822,54,0,0
e1eef601-96d1-453e-b376-7cdaeeb2ad4b,21620,810302,18,1,0
23bd6efd-3d81-46ca-8f1e-4c6865f4a3ec,15270,964462,48,0,1
9c9aea9d-b180-4e68-9bab-e43026eadb49,13054,363033,12,0,1
dbcbdad1-82bb-44c0-974d-0dc62eb433d2,23294,679460,54,1,1
a9edb9f3-53fb-4146-bf6d-c6c47b80462e,22569,763825,30,1,0
265d2e22-e057-4df5-bbb0-f21738730e26,25377,612703,42,0,1
e135c9ff-6ce1-4434-9a12-723980166e00,26747,597607,36,0,1
65d13187-e780-44f3-8f51-8da1435ad22c,13026,282373,36,0,1
de467bd8-d20b-4200-9d62-5570e38566c3,28441,473070,42,1,1
9b586851-b999-463b-b4a7-85c5801b96cf,27227,897937,36,0,1
c3ef0ec2-e13a-49b4-a8ff-f5f5424e6a1e,22550,238645,48,0,0
59aa8e93-65a6-4b56-b055-48289c80ee46,15753,497094,6,1,0
9aeab804-bbc8-49b2-a31f-18c6385fb1ae,35189,911207,42,0,1
bd05411e-1fa9-4701-8771-6d5a6262c737,26063,373181,36,1,1
c4b55581-e4df-4afc-bcff-5a7800d207ad,25955,671760,48,0,0
04d85722-4735-47d6-bb1e-f988add5f48b,20778,675845,42,0,1
c28921f9-c2bd-4b48-921a-ab018d405cf3,12569,226741,18,1,1
758c8b0b-ca2c-4216-b9f0-47bbb9ba7a7d,23232,584709,54,1,1
6f48fc16-cf72-4610-9b1a-13fb769c2ac3,34051,276524,60,1,1
1dfdc78d-c6d5-4bf5-bd1b-f74d2655e74e,16670,821469,12,1,1
e755d1a6-abea-4a7a-964a-3249eaa071e8,23112,313462,48,1,1
fbf282f3-cfec-4263-ace3-d38d7b0ee8bb,17837,202841,48,0,1
3ac9abf9-3144-478c-aff9-ea47fd4e31ae,25860,695891,12,1,0
4307549a-2cc1-4d52-ac80-d47285a23862,26187,861197,6,1,0
636492e7-f352-44de-abe2-bf25c6701701,19973,755616,42,1,0
edfcc8c3-0853-427d-9b00-df5d59ca3756,26883,768588,6,1,0
5a3a0457-7392-42f6-9c40-9b5793c73f46,17705,344258,60,1,1
11b46f8c-31cf-4a5b-a473-4619d47c38d7,9516,362862,18,0,0
a75416e2-17ba-4df3-a169-12543715e45b,17123,922699,6,0,1
d3fff0a7-6c2b-411a-aa6a-a5fd5b347caa,18590,161045,48,0,1
d388b101-ec0c-4874-888d-10a82ea052bf,34566,637807,24,1,1
52053b7a-2d3f-419f-bdb7-3418944c58fe,12740,119848,60,0,0
d239f15d-e34c-47c7-922f-a31b02ec9454,24706,289430,48,0,1
1d0abc01-4fbd-4c24-b1b2-38281e0a4a1a,19925,739551,36,0,1
fa83b5f3-a391-423e-8183-3b46e9cb2040,11801,617035,60,0,1
cd56014b-f233-4272-a340-6333aa7564f5,17802,458686,60,0,0
4e708a4a-5a13-4ced-a87c-d479ee0d8c19,22850,310460,48,0,1
8be1cdf7-9dda-47b9-9545-79aa2ef2284c,32000,476418,30,0,1
552680d1-5508-42a2-97ee-8629b5c0b7c7,19973,197877,48,0,1
02d15f15-02d3-4ee1-84ea-65b110aa7bbf,22390,203115,54,1,1
e983ac99-1027-46f8-97a8-092803dfac98,29980,719570,60,0,1
52e6f198-f9bf-4b9d-bf39-fa5c73fbec57,18018,596521,24,0,1
1184cd22-48ac-4b81-bf5f-6908054140af,27032,955911,30,1,0
01ec8141-fa27-4b1f-a4d6-08cacb0f6496,9188,804131,30,1,0
e6c52699-12d3-4558-8866-0ccd0b377b20,13736,416988,60,1,1
31151d7e-e8a5-4078-bff5-31fdbd9a4c9a,25090,256890,6,0,0
7880b6cf-a252-44ec-865b-af2602c6a3fb,24285,932779,54,1,1
4bd756d9-9df2-4308-8305-613a4915af30,23775,583848,12,1,0
9cded69a-b0d3-4184-be79-2d2585d42587,26901,113534,24,1,0
4c7ac8cc-8aa5-4fd9-8278-dfe1f142dc61,14431,454087,30,0,1
563922e0-134b-450c-8581-2c95d8b12878,21458,947296,54,1,0
132ca9f8-120d-4f39-b476-b3e1d9589dc5,26843,763055,48,1,1
06a1bdb7-a77c-4a49-a607-ebcd453c7b44,15999,679394,24,0,1
27d5492b-6813-4bea-892c-74d74724a2e3,16472,734253,24,0,1
2e7cf8de-48af-4694-91f5-1f69b39c18a3,18984,135430,6,0,1
8dcd5667-e8d2-412c-a441-d9ea77e0d3a8,31033,584917,6,0,0
4a09ff88-bb9e-430c-a69b-00c1ea71c0a6,11920,975951,24,0,1
82318d5c-004a-42f3-9c5b-6ec08cb0ee03,20798,625483,54,0,1
9bbaadb5-84da-4062-8277-711baa0c095e,13357,521582,60,0,1
8f35660b-61c8-45d6-ac62-1518917f17f3,30983,987568,36,1,0
b98e9afc-6a29-40b1-9e04-2581a55b27f5,25060,145690,18,0,1
6aabae2f-39d1-4aba-a744-ad1a4a92a226,14952,210199,42,0,1
475c1a95-2599-4596-a22f-05474ef7c8fc,18551,662073,6,1,0
97a9a2d0-587c-4c9d-96dc-2f7972a634f8,26192,822776,24,0,0
25c4a921-b38b-44c8-a54e-0f3686541ec4,21736,708351,24,1,0
aa94f5d1-519e-4646-b7e9-80bb9ea865e0,20709,713100,36,0,1
67b644ab-1db0-4536-a047-e4f96dab34a6,20947,853547,6,1,0
0b5049f9-df22-43ba-b599-1dff253b2fda,23859,563644,18,1,0
889984ed-2677-4ea1-9af9-372163d8d972,9106,844373,24,1,0
96ab11e4-0d55-4688-832f-9f27b0caf987,13184,146816,36,1,1
383f5326-943f-43c1-8ae8-09df95f2f512,13432,850404,60,1,0
2bbb81b2-d74c-4e8c-a1b8-fcbf5a01bf16,24644,732216,30,0,1
38039c70-631b-40f4-9f30-bba269901f4d,24807,296446,24,0,1
be1577bf-fb1b-48f8-8fe6-57da98a9cd81,11926,138334,12,0,0
82f00e44-485f-4591-96af-b9dd034834c2,19215,862602,24,1,0
a80af8db-3255-494f-b542-cc489532507d,8468,751979,48,1,0
b54b82f4-85ab-4b89-9c09-695f85e9e140,22017,967505,6,1,1
2f369ceb-43fb-48c0-8211-d3b4cc6b3fdd,18185,528235,36,0,0
56d3ab36-d959-4bbe-89e6-531eb1264a8f,25068,640980,30,1,1
539444d5-98ff-4e69-be57-a5c3d3e4b180,17547,220545,54,1,1
f53702c9-029e-4d25-88c9-ae5dceb03e46,29406,498835,12,0,1
2d3e5d2f-e1cf-4761-a3be-57534a9ad58d,22126,432391,30,1,0
ade34da8-c31f-4172-a838-f8c1d055f117,22569,871343,6,1,0
3daa0552-f3e8-4fc4-9c48-a337dd4cec66,18686,254997,48,0,0
55546d1c-4f89-437e-91af-d0644473d116,23514,921943,60,1,1
cd9f4bca-9962-4177-9a08-8be3bfb71218,14786,856017,54,0,1
78bb9d68-6b60-4f91-9241-929e5e8767f8,17115,737472,30,0,1
93097539-8331-4015-9f30-8f51a5c967db,19640,955080,54,0,0
fe609cf9-3177-4eb5-98e0-d7eb9e258569,22910,142892,60,1,0
e8530fd0-f8a5-4e10-a484-daa82521821a,29461,958665,18,0,1
edc6d88e-e6af-461e-8b61-22067e4050c5,21450,817627,6,0,0
618ca702-5ccf-4a60-99b4-0c4e4d1f016c,32928,428248,30,1,1
54f91766-a6cb-4bac-9ff0-b75945d7a78f,16777,959735,30,1,0
85d6138e-a7c5-44c9-9948-d75e96168e46,27391,629227,30,1,0
c5f4c1cf-fdd7-4ebc-afb4-bb87a18eec6c,12940,705755,18,0,1
799919fa-3f6d-4d1d-97c3-673686289405,17923,854695,24,1,0
5b13ce28-2b81-4692-9bd5-82791eaad1c6,21884,252483,60,1,1
06a236b0-1f99-475a-a83c-38ac512ca979,33397,786227,48,0,0
ce655df7-b864-4675-bee6-0a697e7b9aad,21528,892353,12,0,1
eeb86f79-ad06-4480-ad32-21118cc32bd4,15053,180528,24,1,1
23f816f5-3951-4ff0-a870-3b6d111666d3,19035,804351,12,1,0
4121346e-cb8b-4ce4-8f80-65f1356769d3,17061,832882,36,0,0
83017514-a8a2-4d70-a72c-56f749d46530,25866,975392,48,1,1
74f4784a-2ba5-4524-b5e3-7684e448d168,19553,333536,18,1,1
2690260f-e744-431f-bfce-dbeac8d799d8,19782,555190,42,0,0
666ede13-d270-40b3-aef3-3ede91dff36f,23071,865319,18,0,0
b7b262d3-896f-45c7-80e5-ef7798da47a4,36592,725836,60,0,0
9aad14df-277d-4a4c-9c11-965c3216763b,21573,685792,42,0,1
c0b31686-db22-4081-a27d-9b05644442b3,26286,467272,6,1,0
ba91eaf0-5b05-4c90-a5f4-2020e9ca7b6b,28896,189198,42,0,0
b98a6d3b-dd9d-4d96-abac-f67b07fc9b1a,25396,748456,42,0,1
603ff2a8-774a-40a5-8246-87a7830c76ad,21762,644132,60,0,0
42586247-a6c9-4899-b441-cffcfc74fcb4,12200,403658,48,1,1
8a48218c-8f76-4507-ac1e-dc37d09597a9,15469,653701,54,0,1
aed8cb7e-4c31-43cb-b8e0-c08d0f0f01ba,13783,357599,36,0,1
0de0a994-9e17-4ad5-b8ba-ab9910b6c915,25502,533689,24,0,1
eb583d28-62c3-4bf4-9295-56ec489f83bb,18984,520080,36,0,1
571762a7-fb4c-45bb-8c9e-0ae904a63e94,10344,603351,18,0,0
562c7538-1a27-4b51-b78a-49180077b387,21141,127198,54,0,1
eaa924f7-ffcb-4c3d-b423-13fa3c91c571,25642,918143,12,0,1
4f38b0db-c29d-4a8c-9fdd-b5205d143841,18543,784536,60,1,1
e7bcf03b-28fe-41e8-899f-49f72e7ae7b7,21486,724461,48,1,1
43bdbfae-ea56-452d-988e-6238c70e057b,29479,225210,30,1,1
b9c99da6-9ab3-4dd5-86a5-2f2e86f1b165,19202,852183,60,1,1
a87b7bfb-3d4f-4912-8734-06f50516f3c9,10271,327031,12,0,1
f97da3fd-59ee-4557-a4a3-b5dc023a4e54,16591,138979,36,1,1
03266d1a-a590-4869-8629-dfc165362a64,29361,375843,36,0,1
9cd47f62-7832-4db7-a92b-c109bef464c2,18434,392146,12,0,1
b9583244-5574-4111-bbd0-fd45b48592c0,24961,314905,12,0,1
c30b483e-6213-4d69-a252-725b6d10e57f,31265,973994,12,0,1
a7c26760-88d5-4743-ada4-695be8802c88,21819,764471,24,1,0
ba4f0ea2-2b3f-4244-a9af-7ceb10feb97e,22249,433528,54,0,1
0f908077-0cd8-4475-9836-831d24d15e30,8705,116317,54,1,1
08931261-31a2-478d-9f6e-e49d9d9db295,8824,841199,42,0,1
6d212743-6291-40c0-a70e-61f817158e0b,24645,671067,42,0,0
55b549a9-2b19-461d-9e33-4f9e6e5ce217,12089,156304,12,0,1
69f97080-7373-4dc5-aaae-1af3384a9054,19121,632180,42,0,1
da1fd3ac-9553-48d2-aff8-2fe2adf83958,19232,373881,24,0,0
d24e448e-7433-46b7-b8f8-e59e408620ed,21023,917420,36,1,0
3ced42c7-0b69-4576-bcfd-adb425b73400,14305,763724,24,1,0
3c092fda-f2a2-4bc8-b6e0-ae1127c098cf,25906,121167,42,1,1
00d21806-c249-4d84-aed0-974e1b0733f2,15473,637082,36,0,1
a593ad8b-3d48-4d5f-b685-644f25a06359,40861,862658,54,1,1
ee95c3aa-25b9-4a1c-9a99-b3e732bdd003,20452,890048,60,0,0
fc4d2c48-f491-4e7d-98df-5426b2dfeaec,25152,876856,36,0,0
77d3d490-72a4-4e01-a37d-f450eb5dcd42,19375,531437,60,1,1
7f3805d8-adf9-4d9d-8589-50e3d8f18ca6,15541,526939,30,1,0
4a16cb9b-04ec-4a56-b8b0-2ea6a56dc459,21916,325932,12,1,0
79adb2f1-96e8-437b-abfe-a49466e9d950,22563,219166,18,1,1
c8e91ac4-98b2-402b-bf7e-c339728d7811,13439,853281,60,1,0
02a688fb-ca8a-4a42-a8aa-f8eb9598efb9,24389,240603,42,0,1
25296c72-3971-4b36-82f6-d5af6929c3df,25726,835544,24,1,0
f5935887-4413-4d12-8d37-7ecdc7e38ced,38531,166742,18,0,1
1300bd27-a51e-4b7f-8d9f-c0dbc1e13eb9,16581,339702,36,1,0
2d74b579-2592-4c0a-b79a-6629acd00052,33181,529013,42,1,0
a75b7381-035b-4879-b371-38ba480c6783,26255,434058,24,0,0
2be23166-d1b9-4b04-a71e-b6c377480e4c,20160,342233,30,0,1
8059e46c-6f72-425e-93c3-2101349bb709,30287,814100,18,0,1
5dd941cc-d325-4fbb-9c6b-0018fd0e59f6,17975,548050,6,1,0
d3ebc167-9d99-492a-a63e-bd60ce0a08bd,28626,130409,42,1,1
ffbdcdd6-441a-4db5-abcc-93e29fad1011,20129,593024,24,1,0
455fc00d-6404-4d79-a6ef-c185d2d74758,23284,492009,48,1,1
e6b305c3-872f-4753-9403-47a9a0471a6d,17240,447192,54,0,1
a9112222-c034-478b-97f9-b82b8ee5cbc4,20022,626784,24,0,1
35c19df6-c29b-41ff-a417-041e0faf7eee,29751,924591,30,0,0
555e6848-5e6c-47b2-87f1-46db8db56581,19384,194619,6,0,1
0c50718b-f86f-4c5a-bcc3-1455b2d65fc4,27263,766021,24,0,1
f6a5f85b-f74e-4bff-9304-dfa63b837d2e,21502,639507,36,1,1
fd9edad9-d302-49f1-b029-9f9442ced28c,10256,239487,12,0,1
49c72338-0b9d-42d9-bc55-068bfe0587e7,37222,777823,6,0,1
d8357342-1ca4-4a28-bd76-4deb9fa83bb9,20845,234995,6,0,1
af6491f0-143e-4e84-9168-fe196319295d,12831,642266,6,1,0
bc19651a-3967-4d91-b3bd-70c5b4eb4bc7,21368,182890,42,1,1
98e15b37-5fbe-4325-99f0-68361d16082f,15430,163132,18,0,1
040b5135-d6b2-402c-b36c-0c553c198c5f,30668,961523,60,0,0
4e44792d-439e-4cad-a767-69219be5b6c6,16407,271273,12,1,0
b42f6533-a3fa-4b13-b296-872a8c7d8f89,21153,747350,18,1,1
9b72d0cb-96ad-4c30-994f-b8b45e3b5443,15407,151057,54,1,0
d98a9b96-c9a0-49d9-9d53-f42d1be034bd,27907,375498,12,0,1
90737782-4265-4c7c-96e9-fcfa272f9bb0,21283,825314,30,0,1
abed54ac-dd1c-4c0c-abc0-f50c2e4ed7f3,8606,136327,12,0,1
ed3eb58e-2288-4d99-a2fe-f68abe3ccc70,28814,492331,30,1,1
1ea5972d-8bcc-427d-8d66-76b50b6f2485,19145,551855,36,0,1
ca39e8be-d351-41fe-9148-d302210ccd83,29911,292808,36,0,0
8b5c91c5-8bbe-4daa-b770-ef29add46cb1,17688,177272,42,1,1
4f0fa4b3-e28c-47d4-9458-251b47892169,25190,924325,42,1,1
d59d4479-9287-466c-8fdf-b7289c7cec55,23978,596284,6,0,1
655622ea-0539-41aa-8cd4-5f2b9de885b2,31966,655591,6,0,1
8f7a3616-fb07-48d9-b086-be20c9b31e6d,23065,595826,36,0,1
3cbe1b44-e0ef-46c9-aed3-1e9b0266beab,11870,229139,54,0,1
493526b7-5e24-46a5-ae04-7189eef3d1a0,19394,629694,42,1,0
9d91b4e0-edd0-4eb9-875f-234c2bdc27fd,23292,205164,6,0,1
4f87e05f-e54d-49b5-8caa-b285a2762e3c,28225,953937,18,0,1
74574fa8-7efd-464f-86e8-8c4d3b729c39,20859,146508,18,1,1
19f39973-3e8f-410d-a360-53e76bd31381,31993,585026,48,0,1
8f34241e-a614-4e08-907a-d88671e23814,25699,252786,18,0,1
ff328bae-17a8-4f2a-90de-c6a3a4538d7e,22817,195470,18,0,1
5a450bd4-beda-45be-930e-189357afc542,23598,423615,6,0,1
e13d195d-347a-414d-8b75-f39e1315cbd9,24356,546957,30,1,1
6802f653-699e-47dc-9d09-974d949cdcbf,16747,155949,48,0,1
352852a6-e8f5-45a6-9779-1f5a22825ac2,18632,354990,36,1,1
24412ae9-380c-4c4c-94c5-0f00f32fd9da,27141,134595,48,0,1
da442ff1-2747-484b-a933-0ad8d551d7ca,10562,397458,60,1,1
2af3d947-e2d5-4cfc-9f02-7350e87f87a3,24220,630738,60,0,1
92e4b80b-c477-4cdc-9f9c-b31bda777ec3,27430,693345,48,1,1
e9451180-1ac1-460a-8f0b-b2f2f03a7553,12254,684601,30,0,1
d07aefc8-00b4-4ae4-a8d2-095cdc0eed16,16491,547979,24,1,0
14f5c96d-2146-4a5a-b8da-7f8b8b994710,20089,507403,6,0,1
4819be06-ee06-4576-93a2-e5c9414c0567,19880,732636,48,0,1
192603aa-fc1c-4f0b-a764-e1f175139bc3,32346,552880,60,0,1
d81e6e49-e516-4942-8d94-46c21f6a34ec,12176,776004,48,0,1
b742a9cd-fa10-4a63-b34d-b831fef6a08f,15335,179610,42,1,1
037b1c17-46b2-48b7-8fd1-e8274defea6e,26775,867015,36,0,1
15b8fbef-59e4-4f0f-b593-b677c0438336,24248,779769,24,0,1
9b08b0a1-e17a-4d49-a50d-1822c711c576,21928,738713,48,1,1
9d4d93fd-4db5-43fd-be6d-7672d5d81d74,16613,384218,54,0,0
5aa38cda-55e1-4f6a-a8d3-f5a520349de2,20214,119263,18,0,1
21993322-d261-4da3-899b-5d3246b12f51,22743,264445,36,1,1
9f8235f4-dcb3-4357-a5de-f7778c4b3cca,7855,147562,48,1,1
4346460d-ce0b-40f0-93dc-22e744899a25,16285,707859,48,1,1
dfa37b48-5240-4d97-b394-e2bf7acfa114,10139,391988,54,0,1
09dba27c-202b-4f7f-8343-1590f6465323,19311,238736,12,0,1
c66121ea-a6c9-4ec7-83e8-357efac762ab,25054,935943,54,0,1
7c666d15-916c-4f5b-8b0a-de3a3d238821,32939,105194,12,1,0
50a924c6-25a9-4f3d-a84f-9fe8c782e2c1,19167,735308,48,1,1
079a1d7e-f30a-42db-833a-17188e2d26e3,26228,556391,12,0,0
c9f79f65-6652-4e09-b3fc-b36f98a59e0c,17040,182532,48,1,1
4e569d93-dfd0-475c-acf2-b31b49be06f1,22026,727041,42,0,1
6a72143d-3dc1-4061-94ca-2369ac0473bc,18648,736663,6,0,0
fc21fb23-8ad2-4d7c-9517-60129b86501a,567,333178,54,0,1
f2933c6c-6330-4bf6-9e48-c91bcadf420f,6873,506967,18,0,1
60f2b1d7-db9a-4bfd-bdf4-8c90bce6ee72,20831,741200,36,0,0
61ab235f-03a5-414f-bc0e-93b1f56cffcd,12884,650463,6,1,0
3dde9b10-8655-4bbe-94e0-df4a45aa1f7d,13743,838354,36,0,1
4a2e1e32-c556-4dca-b0bc-2e09527df30b,21400,120575,48,1,1
7e05f38f-635c-413b-8328-b2d07e971477,19195,249051,30,0,1
40741261-145b-484a-bff8-ed5a3c69fce4,28470,279470,12,0,1
cdf9a7c9-e2e2-45df-9535-1d0ff1b8a94c,28178,655653,60,1,1
3b71fd11-e963-43f1-a0ba-908f37bbbb7c,25132,346274,54,1,1
785aee1a-7c69-43cb-b1c2-5da857731b62,17885,739561,60,0,1
7a374fba-5d0e-445e-9937-ab607be9d724,10816,371885,36,0,1
82d94918-5cbf-4462-b6f6-d0af934ec8d6,22321,324597,54,1,1
5aaa72f4-5dbb-403d-a824-7f9a1a862162,18577,131938,24,1,1
fb75a02c-716d-4978-8e33-ed6dacd71bad,15303,874241,54,1,0
4ada7ad7-ec5e-4958-9f12-9e54ce6f86e5,21311,507569,36,0,1
68d623a4-59ea-4850-b1f6-b370c0d48bb0,3291,774700,6,1,0
b433b38c-8017-4d18-83b0-c1cd8e16ab45,31815,961002,12,0,1
4febd90d-dfc9-44f8-b822-f0048a8c4d7a,20596,449021,30,1,0
6328ce03-5476-46fc-97ef-99f0ba39984e,16079,762271,42,0,1
47c3159b-711f-4f0d-8f89-09985ba04b88,19301,557662,54,0,0
d18e2611-49e1-441c-8a31-1e917352e996,19701,950462,24,0,1
650e4f19-aa9d-462f-ac60-ed557c60e4c4,19118,947341,42,0,1
da3455b7-6e3e-492a-9a3d-a6f251810bbe,22772,467554,54,1,1
9e665969-11e7-4f97-add6-f9a297a8d6ef,24684,425100,6,0,0
a4508e33-ba2c-4d79-b1eb-2b44a3c14248,33269,712639,54,1,1
696d2241-5c14-49bc-a0c4-a68bf173c571,27111,227953,42,1,1
64d1d993-d333-4213-9127-c820912de8bc,18904,372766,48,0,0
b4cc82c0-5ff9-4381-a87c-464e522af40f,28647,167228,6,0,0
e503b363-777b-4484-85d9-6c958cd3bed2,23892,988502,30,1,0
eb9f0bed-c17b-4645-b329-46bf7bfa2bdd,13625,212303,42,1,1
0ebb3135-fd4e-46f4-be8b-ba4546490b4e,18015,911380,42,0,1
44bb0c3a-1353-4ba2-b43e-43198ab2a128,25848,518338,6,0,1
0aeac870-c253-411a-a4fb-c74a040a1e15,19552,265436,18,0,1
7746e83f-dc29-48e6-94e1-dfb16dfe9cbb,29685,408247,54,1,1
d02565f1-95c3-47bc-a7e0-2ddee1b8ec9e,33845,363869,42,0,1
38eedc8e-cf64-48f3-9faa-40752ad85730,21061,409955,60,1,1
80bd21ae-42f0-45fa-bc63-ab659abcaccf,25937,456912,24,1,1
084b61fd-1e45-4605-9bfb-18cbcfcdbd06,34678,528629,30,0,1
27239552-fecd-43cf-8e14-17373e64430d,15331,669493,12,1,0
33cfd7e0-cd85-4eee-99ed-108d0e6ac7d1,27593,258899,6,1,0
446b1a7d-95d4-4b90-abbd-623ad2f4cdb4,27113,653180,12,0,1
3d955fe0-a574-4601-a470-f3ea43953e9f,16850,778148,12,1,0
67570bed-0794-4b34-a4d2-644f39b833aa,23381,350455,42,1,1
aa5ea927-c0f8-497d-9745-da777f678d2f,21611,475063,48,0,1
4d2cdcf9-85f3-46a1-a4e4-92ee45259da9,11948,894197,42,1,0
b89726e9-60c1-404a-bc08-e617ce395677,27348,960953,6,0,1
5fcf2349-f270-4bc3-b627-632e87e0060a,17244,384939,24,1,0
f7eab05d-847a-4c54-bae0-b794f1f50bef,21021,595062,30,0,1
8a2477f6-0a3f-4565-8c01-82e0695ffc93,17447,433881,42,0,1
8fbe2989-3c90-43bc-9d3e-61c66e4e6ddd,24094,595695,48,0,1
4e79d352-e87d-4ce8-8c43-5b702c949841,15766,921336,42,1,0
aeb98a5b-70da-4fc2-8168-e3d2c7895f63,29851,496654,54,1,1
50072112-1e68-4c62-a87c-98893e44cfa2,18838,765323,54,1,1
5d69513d-b14d-4de9-b597-ffe598830cd1,28999,268068,36,1,1
04e20a58-c1bc-44e0-9ffc-c1389b994610,16188,398613,30,0,0
8069a0fc-cf58-4c09-b561-a1ff5f103d38,25594,101242,6,1,1
08858930-c6f9-4394-8542-74ea30994ce8,22778,343542,30,1,1
7208e202-f028-409a-83e2-820e35a8adea,19263,406356,48,0,1
fc699ebc-9176-48bf-bbb6-7097bc4b8277,22794,559816,36,0,0
737ba6ae-d5ec-4265-8a70-dac16adf636f,34614,988547,48,1,1
23ce26ee-c114-4ae7-92b1-76fc76a9d705,8817,229628,48,1,1
bb517ba5-2edf-486c-a033-bb777ce460df,13910,587821,42,0,1
424336b4-2609-483a-b561-5078b2fbaa88,16708,386463,30,1,1
79dd777a-2f04-46a1-9da6-e83fad9e3384,21002,108663,18,1,1
84f37058-2e53-426d-86b2-009f20dcf0ec,13620,644762,18,0,1
73e63718-a4b7-4457-97f6-ce82461badeb,16654,935183,24,0,1
2721e306-89f5-4354-afb0-2c8d332591cc,19421,183436,6,0,1
d898c37b-ad98-4ac8-8f4d-bbc5949637bc,14005,736562,42,0,1
80d3c0a1-0fd1-41ed-8d3a-b04568df0252,20416,640360,18,1,0
3954e920-768b-443b-bb1b-9cac5dcf2549,10470,117109,30,1,1
be4bf12f-ff07-4c5d-9286-c127abd0415d,17796,550641,48,1,0
5e6d809a-da88-4371-abb3-ecbe39f7506a,24838,304306,6,0,0
36da3377-ae92-4ff7-b5c9-fda0350a52cf,10443,961290,42,1,0
60b0af00-de58-4550-95dd-01d5920f182e,26780,110297,36,0,1
368cf0f3-aa63-42a2-ba32-a3efa8b0569c,27170,460977,30,0,1
63a4e06f-7bbc-4490-a241-7cfb48043cb0,29227,405002,36,0,1
1a468f10-b6e9-4c31-9fd0-70ce1744568b,20055,343983,48,0,1
dcb1a273-3c06-43ef-9ea6-46b11829f157,36007,226141,6,1,0
b853a6ea-7d37-4326-a3fc-bab50c512b99,24759,982529,18,1,0
3283b396-1868-455a-b01d-bbbe8ce8cad0,13950,117614,60,0,1
9470c02d-d4f7-4ddf-a4c7-d9e8a27f5b26,27133,258094,24,1,1
edaaae08-82ad-4a2e-bf62-21bd688563e5,11627,722177,36,1,0
c59b0946-2af4-4fa1-ae15-1f40037f4dae,33073,673558,60,0,0
e718e759-551e-4e14-b7cf-ea24e4f5d6a5,23074,654180,60,1,1
4301fd79-4b4c-4afd-b68a-bdad841e731e,18008,269321,54,0,1
bacf29a4-09fc-429b-9f33-65f96e0f3dd7,21218,935077,54,0,1
61043762-b2f2-4da3-9e3f-ee440066bfed,17303,685654,54,0,0
728bce51-3c7f-44e0-8b40-454ba60b65fa,25063,919913,6,1,0
bcc82c12-7731-472f-bacf-a3c0978fdae1,23029,730218,42,1,1
12a25cae-6bbe-48df-b997-b8e16208755c,26050,293612,42,1,1
17d49e3a-eff7-47d0-b457-1b5c073c210b,9789,486462,42,0,1
543f0d71-abda-4508-aee5-81218651cfe1,12751,197567,42,1,1
9e0bb0cc-592c-4d38-a0eb-b270c6c75795,29759,815516,18,1,0
6c47d93b-6c34-41bc-8371-0ac56b82a2ee,25854,964621,54,1,0
bf92738a-22d6-414c-844a-125e422d67b8,22810,431679,48,1,1
4ee0ed1a-b158-4828-a376-a13e6bd63241,18793,508134,36,1,0
5c1c3203-9d0b-4a7f-b7dd-c6b8fcb30d01,19389,292781,48,1,1
30ca593f-347c-4665-94b6-038410f4d440,24081,905875,18,0,1
e26e8f23-0d19-4684-9157-8aed3a6bafb0,24654,718866,54,1,1
b2c0dee3-fbf3-46ca-9e3c-12f2ec7871c0,21961,567212,54,1,0
5aaa7f95-0601-42a2-bb96-c82f8082ee41,21717,603808,48,0,1
7ac75dca-89b6-40c8-9b41-aae149f31dd7,11261,962164,36,1,0
0744d685-cb81-4779-a602-2c05e61721de,26117,425551,60,0,1
ae1c3477-5e93-4dd5-b2df-8eacf8439604,19619,111210,60,0,1
c8abf45a-28b8-4c73-b303-fd5bdbed0a2b,22196,997490,36,0,1
b7db2d88-f7f0-44cc-bd16-d79dcc470651,17157,761292,36,1,0
55d7aa2e-e690-4c60-a77c-b822ee46a2af,15109,156302,54,1,1
686c277c-9cf3-4599-b0ea-c1d96304e7b2,23562,714664,12,1,0
7f5d184d-4865-4fe7-b76d-2fe811729c22,28661,667839,42,0,1
f34044c3-1eba-46ec-a82f-f6af927374eb,29243,371039,12,1,0
253df13c-5d3c-4968-8031-4f542ead6858,23573,133735,54,0,1
7a5c014e-82c1-4c68-94a5-e3ddcac1d531,14257,242591,6,1,0
397d2ff5-14f2-48d5-82aa-2f53ecd49574,23169,622110,18,0,0
58eb00fa-51c9-4f7c-b4d3-7b25207f4e2a,20550,156538,12,1,1
679ee71b-9c05-4365-8d0f-60dfe28e265c,30038,637088,48,1,0
d719bc10-1679-4384-9948-9400330699ec,19278,156213,30,0,1
5c058bab-3b02-4704-90df-7abff4ff2d2f,17557,203966,48,1,0
54e8b485-6180-4bf6-be7a-dbd3816d0acf,17444,166263,18,0,1
995c251a-88c0-4657-9b20-44e07fa7b585,14369,824460,12,1,0
9b77128d-9442-4263-85d6-8d7cb35a72cd,25275,177730,30,1,1
31332ae8-7d48-4d51-a7b0-f25bdcce5d73,25113,275907,24,0,0
bd4d8cc2-f80d-484e-8b50-a1ab4c9ea511,10872,195188,48,0,1
1e627a89-cc9f-4a77-b671-8d86201c8f32,20698,544238,36,0,1
90bc4171-4a8f-42c6-8a1a-beabd62eed8b,28137,550932,30,0,0
099f02ce-c14a-4106-90e4-b237079f1990,26699,848621,48,0,0
1456069e-a334-4ab1-a07f-3d52b0588393,19175,249673,54,1,1
d1741c75-4de3-42fb-ab9f-5873e103db21,19874,890485,54,0,0
cc1ab9de-37d0-4bbc-9bc7-a0c37e65860e,17334,189965,54,0,1
56352c97-8f4d-4062-b9cf-27ed5b00b091,23577,627600,12,1,0
30eb8138-a6e8-470f-9bf8-40c900733bcf,21872,582702,60,1,1
e82a1754-d103-44fc-9ec9-9bd4de99b933,21763,236340,48,0,1
74a47bd2-2408-45fa-ba6f-aa7c331b3d3d,16320,779364,36,1,0
0a724bf4-cac1-4714-8063-3a0a153fe5d9,5640,955753,36,1,0
b715484b-9a0a-4d2b-b8ba-f660e297e748,22195,341294,42,0,0
a619c388-c908-4454-ab55-51c99748b953,30717,692631,42,1,1
c10758f9-8b20-4007-9b00-f3ad5174e203,16965,831167,42,1,0
6be26a58-fdc0-48a8-9f8d-2829d1a6d8c3,21088,611378,24,1,0
da4a03d5-9c64-4566-b1b6-773cd0312e24,21041,433303,18,0,1
e1203063-64b5-426b-892a-a0828fdcbcbb,12582,779512,60,1,0
73aef0e3-b8ca-4c5b-bc69-bb3df72a9846,8796,816151,48,0,1
f1b07af4-1e73-4fbb-8b46-d6c9bcc6ed5f,29984,561406,6,0,1
465c24f4-03fe-4e91-962d-54a4b88e6298,34893,249093,18,0,1
4b86fa62-66ef-4a5c-b862-3f75b2c4d50c,6527,818816,24,1,0
340f6fde-6e54-4d5d-9d03-2b4b7df2d154,24830,262988,54,0,1
16b85eef-bdcf-418a-a54d-59187b1d2e5c,13530,599277,24,0,0
31a4f7a4-85ce-4c3d-b4d8-32ecb2b24b9e,7816,246129,18,0,1
5a6ef8cf-bed9-49e0-8b72-58e6efb4338d,22391,854619,48,1,1
3ae44a41-324e-4290-b5f8-32e01fe11658,13702,591563,36,1,0
49711ac5-57dc-4c79-949b-5c22e120c112,35386,364837,42,0,1
c67c5d08-1436-4f0c-bfa8-1119a9e8c24c,21578,818285,30,1,0
293ba7c9-6dbd-4d7a-8822-1b1b4505682c,14693,660909,6,1,0
afb7f60b-2ee9-4d98-83dd-9a4241b58803,25569,690202,60,0,1
b006e4aa-55bd-4941-8173-8fe52a096de0,12453,453477,60,0,1
3b5e2afd-6fdc-4870-b1db-e91f8ac05965,11323,334147,60,0,1
b154aac2-c659-4b8b-bf05-b23aa10f3107,23982,874943,48,1,0
91b3faee-b181-4444-9055-8b7a5686993b,10965,431991,42,1,1
7219c282-28a6-4d57-af0f-0ee82d0a713b,21662,354602,48,0,0
a60862e2-8c19-460c-871a-80a99ff204c9,28374,910305,24,0,1
011d3ad7-678d-4a42-8182-2edff798cb0e,20056,177644,12,1,0
687024c2-c65a-4531-b17e-015a050c5d7f,17488,516068,12,0,1
de50fa2d-e632-4929-a9e7-2b874dc0b1f8,23422,242318,30,0,1
2336b9f2-d045-40af-8e9a-6d44d3f380ea,16161,575952,36,1,1
70fa8711-b17b-4557-897a-18c090e38cb2,29783,346804,12,0,1
5c92c2d7-8df1-4ef5-86b5-ce53b733cdd9,19476,149045,6,1,0
84a3c6c0-f85a-4e9e-8ee0-9d8963aa5c50,12341,430749,48,1,1
2d5f1f06-f056-47c0-ab6f-050df0204ad7,18709,731654,42,1,1
973ec437-c301-48c1-ae3f-8b4a0f0760b3,13746,463397,36,1,1
3262a838-a2a5-48c4-b15d-efdf3fb44abc,36187,650418,54,1,1
360b1f8f-46d4-49c3-b65f-a36f87cba10f,5318,727656,60,1,0
8d32370f-4ac1-4022-9d3c-f0f75ebe0a2f,23828,804594,24,1,0
28ef0846-8293-4f5d-bb3f-ed2686cc4f6a,17741,669339,54,0,1
6897fb68-bb5b-48a2-ba02-dd7154d08d27,24727,721749,18,1,0
2e10ad71-9e92-4132-a9d5-ffa1542f5ac0,21477,163982,48,1,1
72fe0802-a02f-4c1a-9b31-d344a0eaddfd,23862,279456,24,1,0
95fa2ceb-6c6c-4180-88bc-b54074e8eafb,25795,714275,60,0,1
929485d6-6165-41e1-9287-c1e3a03506d1,6853,735605,54,0,1
ac669cfe-3e74-4e74-9024-1c01c0d91771,36549,799753,18,1,0
58215a51-1d68-4e53-b31c-e88070a9b5fb,22884,254605,24,1,1
ed7671e3-6803-448c-8c8b-757d3ee4b4f1,23618,174120,60,1,1
a17fbc4a-3968-457a-8d30-3322c3d0190c,21234,979333,24,1,1
ed1a63ae-b8e5-4134-985a-2643b5bdb214,19372,340657,48,0,0
080e8374-226f-40bf-82f9-d7bf3f4f0749,9421,368001,60,1,1
428f82c0-0ef8-4cef-9348-08019d46e468,13944,737161,6,1,0
6b48e17f-2954-4944-a972-4420ab308779,17610,589392,12,1,0
9c2df30b-7969-4953-b8ab-184f0e517397,27531,570963,60,0,1
93ff720b-4f3a-42d1-a83c-76739d5caeb3,18690,645994,60,0,0
d1ce4f6d-6852-4a9b-aab4-010bb274c999,14833,970019,30,1,0
d2c96f02-9767-4644-a74d-ab54ae9e7003,13378,382077,36,0,1
8851f060-9584-4336-b8c0-c38f8dad65b6,25139,448348,60,1,0
e4d065e8-0110-4a5b-8af6-c1effa01c196,17027,886514,54,1,1
c9d834fd-0fb4-47d6-9172-af934b942471,8947,870373,48,0,1
6a976482-116c-4f06-8fe0-e0fb817d2d4c,25504,975918,18,0,1
3c4f3983-f671-45a4-acae-3f8e14842f32,27314,268538,36,1,1
a7bbe5c5-e4a9-44f4-8fc7-b9e339706685,25650,892180,12,1,0
4309dd6b-590d-49c9-a215-39c49b57ae14,25329,798230,54,1,1
8fe54ff8-64b6-4d06-89ab-7b62e2a1049b,27695,290059,48,0,1
22dd942d-d2df-4185-b62b-f9d1391fe603,26449,230907,12,0,1
d1611701-2843-458a-bbce-247a9aae5f01,20459,243865,30,1,1
46aa1cec-dde4-424f-b0bd-b6205a15f89e,2533,741109,6,0,0
c57a0106-393d-4b14-994e-ac9c711c6e30,23604,985065,54,1,0
3b3dd0e8-b4df-44b3-b99f-2b4867361ded,7984,894534,48,0,0
91362c06-1748-4bf5-9dc9-2136286e739a,10273,831850,24,1,0
7a3ae9a7-92bf-49bf-8983-3141dbaf62eb,32796,964749,60,1,0
fccfecf1-4458-4051-903e-9c7c8c2144a4,11801,919235,6,1,0
2c410da4-3b2c-4805-b536-ad72337f6ef8,15668,175486,54,1,1
568bed26-38f2-4f5f-918a-17a03ebc6daf,27782,346447,30,1,1
d36c2fff-ba41-4361-87e2-280b9a1b8445,26193,553280,6,1,1
9ffbf349-086a-4227-ab75-e032dd9e17b0,15858,359961,42,0,1
0d71384f-54f7-43db-b954-84c218b6c053,22384,230484,42,0,0
3ff62c9a-96fb-47e6-b377-acae40a79b99,15503,821244,30,1,0
9eb01696-c2a5-4933-9d43-27503deb55f9,20860,218295,54,1,1
3f34c7f9-7939-412a-8dba-4b5c48fe6857,24891,658997,18,0,1
d759eaa6-b3cf-43b9-bf22-d3304f18d2f4,10952,920273,54,0,1
cef36a32-0217-41c1-8bac-dfddaa235358,17059,449205,12,0,1
0bc6e9bc-3465-4f2a-bcef-d189d5806afb,23535,907075,48,0,1
809445c7-6d0e-40eb-91b9-2c8998028c98,22190,681307,60,1,0
b94e1fe1-da97-4f7c-bca2-a65e0e328ba1,9117,652246,6,0,1
22fca77b-edfc-403e-a50e-8182a49d58ed,19523,551815,30,0,1
e25151e6-e601-47e4-84c2-b41b3530a53e,27665,265561,60,1,1
f00bb4ba-1988-4dc2-a274-7a6d0fc9ee0e,31785,577257,36,0,1
0214a349-cced-4233-b65e-08a2b5a75387,26985,313018,54,1,1
4b81cbfd-dbfa-4ca6-a760-2e247063571f,27822,217665,6,1,0
91e04a06-3a8c-4e15-829c-33a60e308ae3,10301,457866,12,0,1
afd70e9f-32c0-47ef-8833-de13ddf64633,26892,493106,48,0,1
8b77e2f4-d209-4061-b879-133f8eaf142f,31607,212754,12,0,1
b56c4d4f-0b84-4e16-b988-4bd1063266c1,16918,763774,24,0,1
e4670842-c288-46ff-a570-fa49212111fa,30208,418668,6,0,0
107127c0-32e1-4505-8583-c0b0b4123944,21331,415849,54,0,1
fc143291-f250-42f9-8069-05ced0aa0332,27544,487259,12,1,0
3f94e87a-7769-49b9-a3d7-5e806a4b7597,24663,536239,54,1,1
365b3406-e119-431a-abd0-de78e1d2c38d,15809,638527,24,0,1
fd54b9ed-ea6b-4ecc-96cd-b7d73ed4322f,16357,792687,36,0,1
01777cbd-bb3d-4b3c-a7c6-f5058ca4543f,32929,390001,42,0,1
faa2027f-11d4-49b4-a3b4-56f34fe3677c,17197,892936,12,1,0
f6455fe5-b240-4c7f-a609-f67e401d78ac,32287,472917,18,1,1
50c41d1c-2147-45bd-aa88-38c7c281d963,23882,706251,42,1,1
27dc5b6e-476b-4b17-ab7e-c847175004df,10492,281334,12,0,1
6ee11c93-f127-4690-8d3f-7d098ce7e057,14661,881163,42,1,0
aeadae17-5fd6-47db-bdaf-5d8828da6e15,18392,443017,42,1,1
c12445f9-49cb-4fd7-9499-0b1e25e54ec8,25244,563032,6,1,0
78dbe81f-d841-4268-91b9-3ae8a351e226,20464,611059,60,1,1
85675f0e-f497-4f6e-a89e-145c5d20483e,21167,699295,36,1,1
8578ab2f-492f-4bee-ab96-a6b53e663289,17167,468023,48,0,1
e3340921-a057-46b2-8b9a-e25644ff90dd,20955,282907,42,1,1
18ce0381-4232-47e5-832a-03afb64bc025,20997,890817,12,0,0
14310e31-a84c-40ad-a7ff-92b0c105f2f5,11155,275359,54,0,1
370c2464-8479-41e5-9def-0f7bec456b27,23415,495039,30,1,1
5310768c-1097-4658-9c01-940dfb81912a,16341,239597,54,0,1
1539a793-087b-461e-9dac-2d4fcf7f0d79,18933,787862,18,1,0
dfb55d24-720b-46ce-bec2-5bd9ef974345,20277,595249,24,0,1
d89c52f5-1e3e-495a-9444-707302fc1742,20893,426369,60,1,1
2ff652d1-c7a4-4ed8-ba6b-13e61d6c3a2b,13777,261124,12,0,1
ff4082ea-cae2-4d3b-9a9c-f15243b908c8,9651,601084,12,0,1
04e435cf-df31-4090-bf8f-e3ece2d8f7f9,26588,411175,36,0,0
4ad9390b-48c2-46b5-a220-d03aea643605,36486,713040,54,0,1
6af737ba-9bae-4644-b7da-f95b0f211370,38439,346074,18,0,1
252dc27e-56e0-4cbf-8e4d-57d9dcd23357,29931,438265,48,1,0
12b3c5c0-2a9a-49fc-a7a5-587ff9963c5b,27020,580186,36,1,1
f829bb00-8536-42e5-9fbc-0744b269695c,30235,156940,18,0,0
19761ed0-150a-4193-ac70-ff744810d4e8,28770,763319,18,1,0
9c4b5adc-862e-4d71-aba6-6889e0632c66,19797,666950,24,0,1
fe785c81-12f6-4aff-b3fa-faa88833d25f,20546,294069,54,1,1
9df786c7-f309-4a62-9f0c-580b5ca6e41c,19708,505057,36,0,0
8bc05398-6f96-42fb-9c1e-d7ade64d1e51,20282,723023,12,0,0
9b427555-c429-42f0-b990-786faf9f7cd1,18064,714165,12,0,1
b08d4aaa-0700-4753-b562-bb9febc07735,22440,771007,12,1,0
9a0c1ac9-3d0e-4cdd-bc16-038e7bee986d,23597,412112,12,1,0
5431dd4d-8cb0-49ba-b34c-526cec8b0011,22042,304526,18,0,1
98a26940-0bfa-429f-83f2-092c44d6c7f2,18270,545819,18,0,1
3c1cb121-b794-49f5-bb58-cd9be5cf4ac3,19780,289891,36,0,1
122dad8f-bcbb-44de-8334-5abb7d19fbf7,14571,923732,36,0,1
8b66d100-591d-4c61-809a-a0d190b0727e,39278,243746,30,1,1
782cf325-3bc4-4dc6-9d04-d90b50eb4ed0,14849,376626,12,0,0
e2725029-82e0-495c-b0ad-6cf0ae36e99d,16082,339445,42,0,0
50cc62c5-9443-4a32-b1c5-04c3d5868cb4,24761,977757,48,0,0
a73ce113-84f9-432d-86ec-98a6290c3c65,18009,953474,12,1,0
5e053ff4-ccb4-448e-b374-aebcc264bf3b,18690,928037,36,0,1
b9cf9ee7-8b29-41c7-846d-873c8a8b2be8,17963,606971,18,1,0
8f0a13e4-53a9-4276-b3bc-b35655a33350,25708,256866,36,1,1
12eec40e-edeb-422b-bcfd-c3b2c52a551d,13123,221386,24,0,1
fd881e64-7bb0-4392-9c7f-9ca364bf6afe,23731,184559,48,0,1
3a843555-df2b-43af-87be-f932f6dfc370,3967,209046,42,0,1
7e548f2c-c6d4-4db5-bd22-5ef7bf751b6d,16146,571946,42,0,1
2131ae2d-5ef4-478a-aacf-4a8325e8e8bf,25081,378573,60,0,1
717de26e-28ba-44b6-b8cc-cf5f600cd5d5,21552,719525,48,1,1
6a9762e3-d38b-4f77-b01b-d07107d02afb,32888,790435,6,0,1
cdb30ca8-15d9-448f-b4ca-e1461dd0aeb2,17231,748312,18,1,0
c7190cde-8c7d-4532-a32b-c1ea4db9f918,23648,916222,12,1,0
6eeb0f53-96ff-4fb3-a73a-ae4ac73a0a23,28354,562192,54,0,1
45452bd5-480b-48ec-a21d-1da9d1ff6065,17422,925474,18,0,1
9245f7dc-4d42-4e49-b33d-8f85b909b0d2,21861,786771,18,1,0
e1908f72-1b68-4cf2-b889-266a0a3f33cc,7111,881244,42,1,1
81d57123-3d95-4618-a28b-7aa2f834c30d,26729,505799,24,1,1
7622c040-7a20-4772-952c-d379832bbbba,11330,853943,30,0,1
d641b73c-1c2b-4cf4-91a1-7fdb4eadc1c0,15180,905843,48,1,0
cbe0d8b7-b65f-4b66-9c03-965a13e2adc8,13037,459989,18,0,1
027f35b9-c44f-46a6-b5ae-6054a319bdbb,27695,842056,18,1,1
7b5d703f-6cad-4f73-8275-a2529e791d06,24966,884549,60,1,1
0225528d-56e9-4a25-9496-0a14c1367fc0,19737,225248,54,0,1
a31d35a8-9bca-48ad-b835-1cccc3cd0266,10452,380311,42,0,1
53ce865d-116a-4856-a326-55525d7c7f0a,19627,220919,30,1,0
c2423b5d-5998-4a3b-bd1e-b70985afbc2a,12729,496064,42,0,1
438da005-3db1-467b-83c2-21acec98a1f4,26885,550141,60,1,1
05f853d0-365a-4a4d-b33b-c6bd39f3817a,28105,961050,60,1,1
50fc5302-358e-4f27-b085-f6527f408c16,5786,376990,12,1,0
3c16b253-ae78-4ac8-98ea-df7ac781c534,19315,550707,30,0,1
15da1275-ce74-4b1e-b17f-1d10f5051961,14689,571758,48,0,1
3838d84f-a78c-4a42-bd8d-776ed9a5a311,13134,162199,30,0,0
73ee6c77-0ab8-425e-8abe-3740bc5481f5,22142,538898,24,1,0
6043dfb4-c4b8-43c8-b8e2-84f185d97477,30252,231547,6,1,0
56f97bef-e19c-4f53-808d-9a784fdc808c,17875,851905,12,0,0
cd2a228e-05ca-450e-a5b6-15b3c9ee89f7,8422,949067,18,0,1
2fb67354-3c5f-495b-a118-4ed6181ad5b7,31409,620228,6,0,1
3fcd9bf0-75ac-4ea7-abb4-b1efd2a6acdd,27615,712260,60,0,1
1f67b448-0803-4a24-a25c-aa5de3149e85,19131,584563,60,1,1
67e8ae52-76f1-4710-904d-7961030fb2e3,11022,434838,30,1,0
2fe01544-4248-4283-a082-d5e3907e1d08,16922,567897,18,1,1
f60fec5c-9dba-4ab6-b241-dfb5210945d3,22750,742493,6,0,1
2305fbf7-0a69-409b-967e-1a504f2f281b,19992,847953,6,0,0
eae3c6ee-dd6a-40d9-9dfb-075ad311e973,14274,410534,18,0,0
92fa5d27-108e-4bf6-8413-885e94c75b8a,29788,205539,12,1,1
dd979799-d271-4971-9e8d-04f336477cb8,20440,270368,60,0,1
e1a73d5e-2309-47fe-bb82-5c3393f44b18,23215,237881,24,0,1
9e7c14db-4da5-4573-82ea-d71bd2b089e3,10998,581286,48,0,1
df338fcb-343a-4840-b995-5548736a7450,13299,785123,12,1,0
b39f7c7b-6e74-4b5d-b2de-c11f57ffdeba,16559,854993,42,1,0
b8907715-76fe-4fe7-a4dc-23d2025f7a6e,13787,660914,18,1,1
6fc26fce-ac50-46bf-8d24-13ca3ca170e6,31446,327272,30,1,1
0ad8a636-0863-4ffb-a22e-b12fa97d3542,18894,604482,12,0,1
dec50b48-ff69-40a3-88c0-e2060903b387,18089,879537,60,0,0
96a33e13-8d20-4a77-a388-b88b2815bde0,19887,622091,24,1,0
3f31db89-0665-4e5f-b578-b7e963768a4e,24857,553762,24,0,0
71a1c62b-ea51-4532-837c-9f31336b7c8a,17516,102038,42,0,1
66d31d5a-e813-401d-888d-5c0d430c3408,17287,320819,36,1,1
6aea8137-600c-4501-bdab-3221097ac7df,14337,184171,12,0,0
768aca88-4808-4d6e-b237-5781306d9215,20421,726989,12,0,1
8479274b-aec9-4f73-ac0d-09dd424de174,25977,499328,54,0,0
5cd8e42d-6ce5-420d-bc24-5765f52b0d36,5380,118217,18,0,1
a975d03e-eaa4-45e5-91d6-eeb1ed74f929,20895,427869,6,1,0
a8885326-71e3-4857-ad6a-2292ed0440c0,18335,216580,6,1,0
382e2b66-ba1f-42e6-8d40-b0a32094372e,21657,202123,48,1,0
4944df95-612f-4000-8c55-fd8be95a054d,21186,636422,30,0,1
e834d719-6da7-4b20-9edc-40ec7d32a768,29220,786171,12,0,1
435a4c8e-eb6e-418e-8c58-6b283cb2de92,30517,495348,60,0,1
fdd26bdb-f393-408f-ab45-9f5e471ce3f8,20922,932124,36,0,1
97979afc-fe3b-4540-8430-ebcffb22692c,21449,882067,36,0,1
f776944d-5c5e-4b5f-ad0a-8a3820671110,18073,182628,6,1,0
0e2b0300-bfcd-4a6d-946c-95a5baada4a0,21744,453105,60,0,1
b6b2f080-b003-445e-b876-0c29397f1505,25908,896401,48,0,1
c6027ed0-02e2-4f3b-a7a6-c3fb978eb66a,16712,802824,36,0,1
30a36c9a-892b-445f-b7e4-8b46bfa1ec73,19596,672699,42,0,1
e749a089-272e-486e-802f-cc69db7144a2,32148,438396,12,1,0
c5acf043-274f-4c18-8653-6c35a66d9365,25462,124079,48,0,0
e81dd352-1ddb-47bc-9437-e4bc05eb7141,2373,416605,18,1,0
966abba5-c954-4ed7-9195-0a6f57586bde,20598,423623,6,1,0
33de3472-498b-4903-888c-9e98b1f24fea,21789,262262,42,1,1
f5f929ab-68e0-4184-8599-2fb254b431f2,25802,881780,18,1,0
3de03839-9287-42ea-a932-edda6b542825,22867,806252,30,0,1
7b368b80-fa68-43ca-9ace-dd2fabd09623,20993,585269,60,1,0
e98d2db6-c022-498f-b9fc-460b2d2362ed,29587,659896,24,1,1
bb068c07-17ed-490f-9f1a-b7b379ca4497,23660,424436,54,0,1
dc4c0266-f232-46f3-831f-daf290274a52,31573,475006,60,0,0
ca271302-23a3-412c-905e-37f990f58d44,17792,322591,18,1,0
090be985-b46d-48ca-95dc-20aab39ee11f,14297,745788,12,1,0
28910d1c-bd41-4511-9c36-365f2360005e,24393,291231,42,1,1
4adeea37-dbcc-4e0c-b0ce-b4a664f9d828,16590,330052,36,1,1
a8319c43-c45f-42ae-888c-b8885454ca95,30710,685911,48,0,1
5c1e8092-a3c3-4af2-948c-81ec2f117c4f,28354,967326,24,1,0
68ad0172-cfb8-4192-bdf7-2424fca96188,28695,892830,54,0,1
a28f0e93-40b3-409b-94f5-a2d34426a9cb,17347,156219,18,1,1
7183cb6c-6512-4ce8-a4fa-af2b5f929a76,19264,372732,6,0,1
c6adeedd-06d2-4d1d-9506-48b18d7cf96f,24989,957732,48,1,0
58c7320a-96b3-465d-8cbb-3467bb6487d9,11540,859026,6,1,0
c460e179-261a-4491-b63b-b7369610492e,22924,210663,30,1,1
445b7471-2279-4178-8516-8fe6e3d8e186,16842,193065,18,1,1
48214948-c99e-490d-b5b7-aabcf2682e2d,26838,273015,36,0,1
33a26359-2567-40a0-a9bb-f0205f41702e,29926,101221,6,1,0
5f2c5b95-c315-4092-a9d5-748c1496ca81,16470,858152,24,0,1
6141cbdb-9530-4f0f-b0ed-7144e64cbe4a,14432,379664,54,1,1
56c18774-fe13-45cf-b4a1-3f322774b0c1,29351,816984,42,1,1
bb65d1fc-dd67-4c49-bce9-8391f553f16c,19933,436509,12,0,1
74113618-b607-45c5-9108-67fe2d25167d,16715,693644,36,0,1
56de756e-3170-40ad-a28a-23450c43f272,35025,999028,54,0,1
7f783f9c-579d-4838-8381-9b2698067545,21030,400309,6,0,1
09441ec7-27f7-4e09-adc4-4de54f2dfca2,16269,971764,18,0,1
cb7ca2a4-bb47-4c5e-a5af-4679d648224c,24336,534499,24,0,1
e09620c4-14c9-444a-814d-6acd02299bfa,25534,174371,36,0,1
1c79eb86-2815-4ee2-885f-51ca05588444,16199,584604,30,0,1
0a3be99c-d5b7-4211-acb7-0ad2ac830fa4,23644,799808,36,1,0
90ef692c-e388-4c43-9ca1-362e976e6df3,10322,132393,54,1,1
37f7b914-e67b-4403-9cd5-51d2bf86f331,11671,962581,42,1,0
ca95ccee-0f04-40d3-a583-4eddbe61efe8,19540,143479,36,0,1
d050a88d-4dcf-4c1c-a13e-3305150c0303,20131,876762,24,0,1
e98610cc-8051-4d14-a37b-887a04de6803,29770,820193,6,0,1
b425d5ac-030c-494f-bf60-7a324b0bc31f,30623,937518,48,1,1
df7d40ee-d85c-4fe5-a7e2-d9264903bed1,30087,916243,60,0,1
8fc4bb88-df45-4d81-bc70-b846fccd8838,16883,185774,6,0,1
4aef7728-04c5-4bfe-b813-0ec9fed187ba,20637,773847,42,0,0
f6953df0-ae51-4a61-838c-40734faf7214,23390,720586,42,1,1
1c406db5-5300-4d6b-bf47-e10bab0af488,24750,579246,12,1,0
1c0cec2f-6cc1-4931-8f48-d63a13cbc177,22267,810322,36,0,1
b4c20a06-53dd-4886-9255-d56811def0d6,21203,111959,24,1,1
6dfda513-4eed-44f8-9de4-a443f6455b52,24908,312469,6,1,0
2d7ee2ce-4fe6-4b4d-b607-98fed4a4e1dc,12850,458615,60,0,1
421e9f8d-d5ba-41ca-8bd7-70224e2e426e,7556,122366,54,0,1
c442216e-a6c5-44f0-b91a-77772e9f3be7,27408,732441,60,0,0
45199065-d5b7-499d-a3c5-6011584b7378,21424,141408,18,1,1
0379227a-c2cb-4596-9af7-cb70f8564314,21207,682729,12,1,0
c7fd482f-a28f-43e5-a9b5-a4c92074c2c5,22402,865941,48,0,1
09718460-80a3-46fb-b1e2-471dca77a8fb,26281,976104,24,0,1
3d630045-a756-481e-858c-1fe2826181f0,25862,904313,12,0,1
c5436837-2155-4460-847a-c40b0d7e930a,27008,849662,30,0,1
68b2326c-9367-4486-b12f-27209365cf8e,22378,208281,60,0,1
c801d393-0719-4ca5-9469-9b8be7b91738,24001,828742,18,0,1
7e4e2c7b-e294-4de1-840b-4bd4d08cd320,20376,862323,42,0,1
78483541-7026-4442-ac61-b060195962b7,19939,709543,54,0,1
57a056ad-e9d4-478e-94cb-164891bf7d2b,23190,785965,48,1,1
3f4ea01b-a97f-4cd6-924c-ffc6908537b6,26268,327573,6,0,1
c4a37b30-3e6b-46b2-a131-bc2ac3b39d3d,25149,569398,24,1,1
d1841f82-d040-4066-8110-3dc68406af73,19394,564517,30,0,1
efb344c8-088c-442f-9d92-028182cbe3e3,19031,838929,54,1,0
1cd3a0e9-fee7-4b85-b69d-a86f1cd1a18c,15127,625631,6,1,0
cbc71c28-bc0d-4c6f-9311-dd3d2bb849b7,12660,826077,36,1,0
283cd26e-9b0b-44ed-8968-8128c055b821,23222,217971,30,0,1
73e29782-9442-4878-b0a6-de5be65c00f9,22003,995650,48,1,1
b4b66bf7-865f-4914-8b66-b6ade97a29e1,4083,117663,48,0,1
cf9e81dc-3f25-4932-a750-a89b71a77e75,22038,138145,6,1,0
8174bad1-ba3b-4167-a550-3d227e7af430,17827,762993,42,1,0
ffcbf3fa-7957-4b7d-ae45-1b639469fa06,11428,402401,42,1,1
36c3bdf9-f049-4133-9c5f-045d989185c0,17719,734242,24,1,1
fc1ff4e4-f96b-48c0-8dc1-49761838f126,12822,226752,42,0,1
4f97fb4a-1ec2-43b9-be51-9bbb25c04354,22782,970684,6,0,1
ca595404-233c-4af5-809c-305cd935e0ec,21477,739528,36,0,1
37c35d48-24d8-4bcd-a54d-75251cfc1fa2,10262,264031,42,1,1
aa837fdb-d660-4855-937b-8f8ebf9297c8,16625,593746,42,1,1
f29f6813-0134-4b95-a4c4-86d35f808599,32337,166656,6,1,1
dee71522-c644-4256-9d3b-f3730b966d68,27280,255846,6,1,0
79abb506-d410-4adb-96ec-a8906c3e23c3,14865,783975,42,1,0
52391107-77a0-47a1-9f77-5199286c1cb8,21343,188248,48,1,1
c047703e-3ee9-415a-9f47-b6fbecee718d,18904,445441,12,1,0
ca097ce5-7177-4a0e-9f76-894e2f4174e9,5336,312462,54,1,0
c364d72d-144b-416e-852a-537d0a2ebfe4,22924,994772,54,0,0
0d1da5c5-1e1e-491e-be08-bcf8f4751935,17062,148383,12,1,0
2ef91f53-538b-43c6-80ee-b3151ff534ba,30920,653417,6,1,0
383f514f-5e33-4c69-aed9-b357dbc492a7,23240,563889,6,0,1
58fcb55f-1c35-4514-b759-2e5df9f8f496,20144,912647,18,1,1
25d6e88d-f3ec-490a-8f20-a8ec89579a76,21847,136248,54,0,0
c2de1b0e-2f52-4136-a5f5-11f4d6043a0b,26812,836952,60,0,1
83a06259-99b5-4044-bad1-ec58205ee6aa,11613,173823,60,1,1
47777c55-45cb-430f-82a9-6fb836d47166,12233,240415,30,0,1
7f54d690-85b7-4396-b8bb-3b51504a98e6,12156,342037,60,1,1
4b2ddced-6f29-42c1-a510-cab9d485cce6,13755,423098,60,1,1
8758fad8-1f1c-46ac-ab61-18f9c6f2aa3d,33680,482892,60,0,1
c16e3b9a-59d7-4431-a73f-7db38f948151,15802,596672,6,1,0
9bf30e40-58ec-4baa-9de6-f7b9bcc66c24,29507,503619,18,0,1
fb2c34a2-4c40-4432-89f4-842ea2bed91f,13096,172735,36,1,1
79ae650e-f77e-47ad-912e-4ae6fdb55ef3,25013,878462,36,0,1
3cc48279-958e-4ae9-9222-6de726b364aa,13991,235687,42,1,1
5b5ff617-7cca-4cbe-b242-41aad6a644b3,14603,298566,24,1,1
8155ccc3-fc68-41a1-8cb3-be0b71976ea6,32242,208030,18,0,1
53745f1b-2305-4f8e-8290-e832f023488e,21741,972250,60,1,1
df1d9d97-026d-41f3-8674-0d5be61877f1,21271,436590,30,1,0
dabdc579-be7f-44a0-8995-aba5f37c9489,17931,881215,42,0,1
daf9f186-7fb2-40e6-ad61-b6380a08cf24,7426,624369,30,1,1
829820be-a62f-4269-bf0c-b3d68b41842a,23461,493689,30,1,1
51edbb60-4555-4257-bc25-61f51b4ec553,30646,726151,24,0,1
75925583-9d94-4778-9f40-df99d8d2acbc,11291,625187,6,1,0
a5e79cb4-99d8-45c0-9c99-ac9a8ea016c6,16594,840568,48,0,1
ce0e5ca7-23b1-44de-996c-f50148450d05,20350,122073,24,1,1
d3135932-622c-4a0a-b50f-08b3b800fd23,18903,388404,42,1,1
9ea311bb-14a1-4c7a-a41c-e43fa91fdd33,20182,559498,54,0,1
d126fcaa-26aa-4996-bb50-fa8f4e7b9371,13701,904939,30,0,0
da925821-5718-4982-8f16-96c6076569c9,10564,882577,24,0,1
c5accb14-c27a-4ef4-9997-017221c29bd8,21021,452702,12,0,1
f3fbe77d-51b1-4fbf-b873-11d5f498a854,11029,755701,36,1,0
d19b0989-b02d-4db8-8e89-64c2e7dac9cb,25141,871608,36,0,1
f5602edd-a64f-4afc-963f-361a1b686e3c,21142,917194,54,1,1
e718f1cc-2b72-4dcf-97af-dc5195d0fd39,31011,628270,54,0,0
e493551a-334a-411d-bddb-cc9d89a08209,25120,148760,12,0,0
59955fdd-4b67-41eb-888b-86c356632ab8,6033,741169,24,1,0
99975ea0-c856-47b7-a4f7-7035cea16c0c,29157,791837,48,1,1
fdeb8df9-5217-47f8-a260-5590aedc1258,16537,192421,42,1,1
4d9cbf1c-9bf0-40fe-9f3b-5f28552b9d0c,26084,289496,6,0,1
a744fdf8-4935-42a0-9557-65bb90a2b5e6,25686,810440,60,1,1
e2216eb7-8e00-4b4c-9fc8-8e2ac2d42111,11950,295055,54,0,1
fd9a1e30-9787-4bd5-8c6a-308710c7bc11,28417,376848,48,1,1
d2d85b5e-f1eb-4867-9e8e-73dd7834a87a,20701,329928,24,1,1
c07e035a-8731-4404-ac9d-9e97da322c11,14534,849242,36,1,0
aadbfeb2-282d-4f45-b00e-0b10402b6f1b,22689,368998,54,0,1
904ecb47-b2c9-41d7-9b83-2d96ad1e78e2,11661,299179,42,1,1
b6c75b1a-a63d-45b1-941b-34b5bd4a8541,14017,813021,6,1,0
f768dbd9-2636-4fe3-b2c0-b282e16ca2c4,22592,159161,6,1,0
7086f692-a8b6-48f3-b4df-7986b228eace,30219,462564,48,1,1
6d2e8af4-dfef-482d-9401-6f5dcead0fe9,32985,521634,48,1,1
ce4b8df8-93e4-4f2d-b0de-3807b01b0006,13812,201419,12,0,0
53f6210e-01f1-4d3e-94a0-74b6dde7f090,20691,546703,6,0,1
dfa5e6d4-c256-4e05-bf64-ef4989345317,27427,829087,30,1,0
c3830dd4-6c37-47c1-922a-963c988caf36,14071,688709,48,1,0
337ef8e1-77de-4cc0-949f-147600001d5a,20935,335040,48,0,1
da898473-e22e-4425-a5a1-c252d073a6f9,16641,522976,54,1,0
306b2ff7-7b76-4cee-a298-99776b9aff86,19506,841926,6,1,0
a0c6db54-9a4a-421e-a9ed-4d79710c2c4a,6643,958886,12,0,1
1773583a-f74e-4b32-b1a0-f85520380fb8,17342,246565,48,0,1
317ddaf8-8fa4-479d-9867-04a78143feab,20863,871603,12,0,0
5f11f0fd-17ab-4c8c-8303-cec49ad4e76f,8601,647244,54,1,0
8e58fa48-e1a8-4c3a-bf0e-c6eb016b6676,25811,988212,42,0,1
c030cd0e-6d5d-4f4f-b774-bca3c981fea4,19678,628844,54,0,1
3873c26d-0811-4665-b3b1-f78530c13ab7,36915,810761,30,1,1
0dc30c2c-19c3-40c2-bac9-08d5b783188d,18797,728808,24,1,1
e82aa7ba-0379-4a3a-8c39-9a8008ee8c82,12170,984059,36,1,0
9ada31e8-203b-4459-9ba0-47243a28303a,21870,577567,54,0,1
da89c0bd-0ebf-4611-919b-5407b6796a8a,5151,172091,6,0,1
4f23572e-7562-4d52-b0a0-2e9d5e0f23ba,34636,124455,54,1,1
b61c0b2a-d546-45d4-8052-0ccad1ed99d4,41896,521759,6,0,1
15135c85-9579-46b9-818c-bd417055b0fd,16106,271411,12,1,0
16c94343-54bc-4b45-9ba7-a52f2cab4f2a,19617,120025,54,0,0
eff6cc96-b398-45da-9d06-8fc93d1c1253,9003,917283,24,1,0
65cb2ab0-484f-4e2f-94eb-f28adfb00f20,14512,784864,6,0,1
0535b3e7-86ee-4bee-b037-e08720aa749b,23439,397115,36,1,1
a0541539-477c-4363-bffa-5720f7c90ed5,12258,259067,12,1,0
a7dfff4f-2bb5-4249-98a7-310ac6bed0e6,30178,667960,60,1,1
3df11675-01ea-496b-86ae-1bf683e4fde6,19857,945425,6,1,0
a02a4987-f81b-4eb3-b961-ad8f7bbec8cf,17669,580037,60,0,1
3796bf5a-a818-4c6b-b012-f0d1ed4798bf,15598,780632,6,1,0
fc844cd4-faa7-4288-bd21-d0c0c7639ec1,23455,406423,6,1,0
241ff86d-54cd-450f-8b1d-136e394f477e,26173,654065,36,0,1
eb97ac89-5863-4168-8993-4e7a19c75dcb,14643,863868,48,1,0
ebe3ae97-fb1d-4fa6-9962-811eca31b54c,32790,960101,6,1,1
060f7746-a199-4e58-8167-adddaa0af074,25926,732873,54,1,0
f9109d54-f08a-42d7-bdfa-d071c495757a,23983,433212,60,0,0
775e5977-0740-40dc-8aaa-dcfa3b41b31f,15847,905748,36,1,0
3d173107-526e-47f1-a42b-92a5372c9daa,10853,307157,30,1,1
f7a05bdc-db63-45e6-8f38-7ac170307282,0,935712,12,0,0
706506b1-bd36-4a2e-ac37-50c077ebb553,20325,981962,30,0,0
e73d8020-1a7f-42d9-ac90-39d61401ea8c,26477,683142,48,1,0
6c74ce21-81ea-4426-8299-208c80c75657,32643,856027,30,1,1
00a3495f-169b-4f85-8d6a-39e0f4b57f59,14855,487716,18,0,1
f69a7131-b30f-41c1-b359-611f5fc9ff6d,29095,121084,24,0,1
26b1f948-78af-4dcd-8da1-b22d5e51dbe6,22860,869824,12,1,0
821e3ebd-5eff-4e2c-b9ee-761f65a8fdef,35154,806844,42,0,1
468d7e68-190e-4ce8-b173-aa4b9c906180,27792,271752,18,1,1
0262fc49-5beb-4438-aff5-deff65568ecd,30850,994652,60,0,1
3063692f-ebec-4ad4-9e70-585de7346fd6,32264,865256,48,1,1
ae555703-fe75-4770-a098-2f88b88b6bbb,17310,526780,42,0,1
0e0e5086-4602-4685-8547-5a27c22b5805,7646,327598,30,0,0
3e530659-bcfc-4d39-8dc9-3c2cb21ffa97,29831,817918,24,0,1
d4d1b656-b5a2-4541-bf43-093b540f718f,23967,739770,24,0,1
24e28087-c4ef-4875-8efb-1a89e767e6f4,15275,886953,12,1,0
dad0896a-1f46-4bde-8f95-4eb5570a2b9c,0,362653,12,0,1
44b590c1-a171-4bb0-85ac-55350ff3b61f,26512,820002,6,1,0
71833721-41b8-418a-a972-304c3ad1269c,26831,747282,18,1,0
1ff17b50-c8f1-4b8e-b533-23a858ea57e5,20495,880468,48,1,0
e83f96d2-35b5-4dab-b875-4277e763aa22,12528,900936,12,0,1
59a67243-b9b1-4c11-9747-57e694cc6c85,25005,525603,36,0,1
37e8ba4c-0d4b-4e45-b5bd-8950a4574aa2,14206,959077,6,1,0
5590f14a-e66d-41b7-84bb-a1456a651d6c,23073,510014,18,0,1
827a62a7-9723-4ec6-8e56-067b370dcc0d,33170,645020,12,0,0
e1c97e93-6850-42ab-bc39-fa0c6730c8ea,16669,640055,12,1,0
057f71d3-c113-4517-8c64-3cf443eca7ad,15116,200754,60,0,1
09e5ad30-fd5a-4238-aeb5-d15fd0c9aa39,25046,397142,18,0,1
cc137afe-4d07-47aa-9b67-2cb654ee7667,8686,390702,18,0,1
f20965d2-986a-41d5-8e6c-99540c00a5dc,27877,770704,54,0,1
21b74f20-3633-494a-91ed-22534a518285,21102,817998,60,0,1
c16282fa-8db5-463d-862e-0b480b94043d,26700,330375,54,0,1
0e5be248-5734-441d-8d22-f643537819e5,21697,295091,30,0,1
0061d35c-a2c9-4cb9-9f46-06cabb24b115,18122,992136,60,0,1
67225a12-ba9b-4491-88a5-f5a1824a5b55,40621,553164,54,1,1
63330afa-6b2f-4daf-9431-bf48fd30794a,24925,476898,30,1,1
fcaca9f9-d1cd-4305-97f1-fdad24de8423,23923,303357,54,0,0
bc5444b2-017f-40b0-9394-ea9e9f9ac65b,21916,563155,42,1,1
5656c604-af83-4cb9-832d-1bec87b09dd9,26841,427557,18,1,1
e2705477-a6fe-445e-a698-06a4ad9237fa,13814,592833,18,0,1
8033f113-ff87-4cbb-8938-4619b091b796,20375,971730,30,1,0
b77842f3-ed5c-4e91-8128-673b6698748d,24731,604600,18,1,0
d4d0c775-6b9b-4d61-a7d0-b95ce6122587,12601,184877,48,0,1
da00904f-e102-4292-8a34-fa2a0bc5a03a,9969,992681,48,0,1
05ca1f67-1481-4bd7-9723-ad72699a210a,21646,407765,48,1,1
d1ab69d0-b4ac-4874-b4fc-27cc076e7155,22677,697032,30,0,0
cfb32cd6-dfb4-4dc8-bbe5-7f5edfa77841,27627,541305,24,0,1
e922dc91-aa16-4f78-96c0-e89bb92e45ec,22154,525680,36,0,0
68ac2464-3689-4620-92bb-3477fbb5b781,19251,716784,48,1,1
1b01fbe3-52ac-45fa-bd42-aff05da87a91,24783,993022,48,0,1
60ae8a8f-b5b3-4c92-8f23-4c4903c4383f,28066,792511,24,0,1
a23205c2-96a9-4ac9-8f43-ce5df7e9b316,26970,890988,48,0,1
aecc8cfe-52bc-46c4-85a9-57d6273c0270,27133,333404,6,1,1
73b96b25-4ed6-4d14-9430-70ab6d17aaad,26944,532266,60,1,1
aababb73-9152-4f3c-9bf3-d7c4fe41541c,27980,691309,48,1,1
dea644d8-25d1-450a-97b1-2ea4e6fb1c39,12317,980499,36,0,1
bd6948da-445f-489c-9f8c-b114fcae5d30,23841,860200,60,0,1
5e163f73-fbe5-4c91-bed4-1c7f37c1cf44,13583,482601,60,0,1
0e6a4c23-607f-4183-a83d-90ca102cce6e,15541,431577,18,0,1
5220c121-6540-42ac-b9cb-fbd8663fd145,12759,909545,54,1,0
d3115bd6-b374-4925-a50e-7875013e3a72,19186,624368,18,0,1
720822c5-e64a-491a-be4b-fad727f1e05a,9267,210248,24,0,1
c45e20f7-a8ae-4438-8ae5-12df67e4235b,29776,638525,54,0,1
e699dbb6-4053-4927-8266-21460475d504,31363,388623,36,0,1
be7c4e4c-7a59-4e5f-b190-c21e749306c9,27013,648475,48,1,1
7ff3c739-963a-44bf-ae29-5b56fbb44168,20126,212553,60,1,1
df9f899f-252b-4313-a5c5-d5f63395f4da,24463,852705,12,0,1
fc9be85d-52a1-47e0-a4a8-1b979a71ac03,19750,158498,12,0,1
5c42f7a2-3047-4a6e-9870-070a1efedc21,14543,947029,24,0,0
d0d1c3bc-edc7-448d-b4bb-5a2e47145eff,18668,733000,6,1,0
4e7f1056-9834-433c-8281-2157fdedc1fe,17388,103549,24,0,1
28d7af06-9a10-4c7a-9f4e-5742cc9b91c9,9130,956010,18,0,1
181612f2-a50e-4de4-a282-97f36a9ac3e7,27100,925031,18,1,1
12de1f67-be56-43c6-a216-58f485085a52,10009,712831,30,0,0
08575257-e9a3-4b2f-ab76-c48c28b37444,16146,254621,18,0,1
5c195b59-7ef1-4f27-886e-57ba74ef3395,18847,379611,24,1,1
03233a21-7826-4ea2-8ba8-de64b893b190,17010,600584,12,0,1
a92a2736-2622-40f5-aa70-9f31ff77f489,28479,731442,12,1,0
221baaa0-627f-40a2-a1d9-c883863c2bd8,25083,171194,12,0,1
044d06e0-c76c-4b19-bd8c-a42c4833d9da,11074,739281,18,0,1
a710ca40-5fcc-472f-871c-f0523b0855f6,19929,911987,18,1,0
74bfb004-253a-4dd3-a43e-4d4457847578,19334,838711,42,1,0
fcd721c2-dfee-417a-b38c-dc9a09c6ad6e,8253,725531,24,0,1
dca6e7a8-a10d-4e4d-b761-6b1601ceb0cd,26906,563301,24,1,1
b8a5578e-e2a3-46cb-b63e-37cfa0ba8317,29891,412281,54,1,1
21d9ef01-992c-4bd0-9cb6-263baeb9c36b,27540,423581,54,1,0
ee1ea4c5-0685-41d3-9005-06d8dcb43102,21722,881650,6,1,1
0f60eafd-d568-48c2-93b7-2267547f8d87,16020,881616,42,1,0
2d5f07ac-4522-47e6-ac50-8b355f97466c,12693,467000,24,0,1
ab480d03-6144-4f8b-a479-8486781f6972,26314,357973,48,1,0
645b21e6-8bcc-494d-86b9-bda228539222,18975,301110,18,1,1
e915b6c9-6dc7-4644-982a-906630fe6369,16647,504794,60,1,1
f2296586-8638-4863-8b0e-227700646239,24619,221186,30,0,1
3aa049af-f0ca-419b-a7c3-5f86045de2f7,11926,889516,18,1,0
97d3953f-c146-4176-96d6-903a4c3302a2,18472,569900,60,1,1
2036a49b-0a88-48cb-bf5b-55915fe94230,13039,378761,60,1,1
01e8ba1c-3815-41a5-aede-6c3d1274fc97,31153,276081,54,1,0
f4b8463c-7382-4d00-9c48-b3fdf6b172f9,30130,959718,36,1,1
1c5a4e4b-bf57-4df9-8275-093b77b3b539,22578,320067,48,1,1
a9855010-f069-4c25-88c9-c9ac3a8c5dbb,14417,469000,36,0,1
13ceb7b0-f80e-4507-9ce4-ed9cd486090c,26453,410652,30,1,1
fb11f373-1eab-4873-a7f4-7043353235ab,24788,973486,12,1,0
0d149b7d-85a2-4204-85ca-ab0a87565f5a,26724,346444,24,0,1
7b5db3a2-865f-4671-bb7c-c4aae728a25d,16719,176696,30,0,0
8fb8efb5-5dcd-49c1-a1c5-67dd0d212ae7,29207,374130,60,0,1
86414c81-640e-4b84-9fb0-edd9e199563b,22611,480590,48,1,0
8ed3f754-fab1-4972-b58b-4afb7d3c0a1c,11025,447544,36,0,0
f3b2d3d2-3324-4c39-9d18-e78e7969d02c,23599,437538,12,1,0
f3f5e352-baf0-4064-91a2-4e6d1e2e2fa3,20909,891638,6,1,0
a8e72863-b0cc-4e55-b37f-31e7fcaef850,26436,353336,24,1,1
bd689991-d460-486e-ab96-430aedaa5172,10557,250102,54,0,0
b968d015-ff14-46fa-8155-8c908e36b124,13577,146569,18,1,0
c99830ef-75ed-4041-918e-b33a14fdbc77,14924,835897,30,1,0
4e0d75b7-51f9-4154-8887-f9118515aac0,8945,954221,60,1,0
a3ddaa1d-2312-46ee-8733-a572c835f5de,14544,215063,12,0,1
a51a93ae-7fb6-4395-a7bd-32c46a3bc3d2,29004,996786,12,1,0
98b547f8-182a-4f73-8949-4808ea87b45a,21370,506361,42,1,1
cae19857-d54b-4f5f-84e3-bbe2f909cf1a,30022,289938,48,1,1
cd186719-83c7-4903-b130-e167493f045b,5427,818946,42,0,1
30b3b418-b4de-4fa7-993c-1e7d394f8e33,25073,122331,6,0,0
d8e20c1f-05f1-43fb-8369-f7e80ed04623,28836,883951,48,0,1
e96dcaba-4ea5-44a9-91d9-53d938cf79db,25374,642440,48,1,1
e9bac72a-d426-4f1a-9e08-0be8136575a4,22584,654286,30,1,1
5f0cb7ec-60d7-4b65-83ef-ad75bdf49fae,21791,657416,12,1,0
d4ff03ac-3b98-4462-a2f6-762c61e03e6d,32651,795606,60,0,1
9fead3d2-2d80-4b20-a2e3-0d81bf41308e,17647,292213,18,1,1
a79224dc-581c-43b5-b547-4cd42fd1e6e3,19619,362480,6,1,0
7fbda96d-bb0f-4ad0-94cb-57392c4f8e3b,7874,148002,54,1,0
1921b056-80ec-4f9d-90a1-9eacbdeb4ca0,14256,525395,36,1,0
e8cb9640-dbea-4e2b-85e6-c3f650284a84,13800,305915,30,0,0
c42d00a9-7323-4c50-ae63-d48ed356bcd2,19177,703446,36,0,1
f028241b-e357-47a6-9504-5b3fe4846a84,16798,684338,24,1,0
ff6aeb72-a477-47ec-aad4-d5f7495bcd04,29766,831756,6,1,0
fb55c6d9-02a0-4899-9c26-369953e75d30,23867,281350,60,1,1
83821974-251d-4f5d-b1c8-2ee4341e3c05,23466,412059,18,0,0
553fbd8c-6ead-420b-a342-12fb410b958e,20500,281529,60,1,1
7eb5db8e-93aa-4da3-829a-5fa8f9f19929,14864,830721,12,0,0
16235e2c-243f-409d-8c51-4f83dd551866,11986,637156,48,1,0
090b0f5d-2b13-4e06-a160-61bf9a059992,38242,950095,6,0,1
c3d01e89-1318-4040-8865-76645b19bb95,17743,441442,36,1,1
9951a00b-0bbd-411b-b241-ce49a4703b96,19774,709172,24,0,1
49cd1de7-2eb0-4b6a-9d03-b23d8cc7bea9,15035,313264,42,0,1
d909c03e-8584-428a-a24b-a82a276fe608,32552,476345,60,1,1
bb1f63f2-8737-4919-a726-65e58588d71d,22286,443530,54,1,0
41959fea-880b-4c7b-9289-b468c4a331ba,23652,114442,60,0,0
d67821fb-bf22-4abe-8af6-41924a9092eb,16357,509725,54,0,1
3c213f49-94ec-436c-89cc-40b3a01bc4fc,10679,257304,24,0,0
136e0d08-a555-453a-b85e-ea9683b81a81,16785,640410,42,0,1
c3df4a48-306a-442c-821e-b3e28ab82306,14125,509809,36,0,1
01cff787-16de-4c8e-9ef4-be071aa0de88,13390,620678,60,0,0
eba44dee-07c2-44c1-8ad0-25ec6d4a23e2,20140,464055,6,0,1
832325f9-bfd3-4cc8-bd5f-2bc9f6194763,28572,249664,54,1,1
90e49e95-2680-4f14-8311-dc324be43235,16995,347355,48,1,1
495ad224-1344-4b3f-ab68-4209885fb693,13464,421309,6,1,0
198a0b8e-5ab7-47ef-b5bc-30405a341403,24706,700756,36,0,1
0aff4760-be8c-4c16-8e0f-25d3dc3c6ff7,19940,577166,54,0,1
a7f1c9c5-0e48-47f9-94aa-8443771e9b1e,30067,100890,36,0,1
5331baed-d451-464a-a9e2-e644b9d3f53e,21615,682178,54,1,1
b8732769-055b-4c9f-bcea-8e091957af5b,17412,856271,60,1,1
446f36b6-e784-430e-a46d-901049ce109e,26886,487407,18,1,0
3a9ad686-46cb-45bc-8cc8-490525a82f8b,27035,739973,6,1,0
c3c7a415-4f9d-497e-860f-b479825b999e,29830,691256,30,1,0
45f1772d-2f87-42cb-8b2f-0d7649ce94ed,21937,973159,54,0,0
cf972288-f085-4e15-af30-441ba7ef7b50,13979,327514,36,1,1
081905e2-0911-4f16-9cde-1f1b9f5c31d4,23905,778743,12,1,0
61e70586-6752-4c53-91f5-fb4453b711a0,20898,641518,60,0,0
d05bb882-1c1b-4a07-8953-89e5a57553c5,38564,868257,42,1,1
df47c5b6-ccba-4b67-bc61-7f58303cdafe,32669,333701,12,0,0
9a4e70d3-b179-4f9a-9003-72b4692966b4,18177,934881,42,1,0
db2cfb41-7e12-48ab-927d-fc6f2525643f,25276,581011,12,0,1
24ba9d62-a492-4368-9782-349e2e59be5a,25571,494077,18,1,0
bde629c3-956b-4eaf-b486-ce2ced0693ed,19738,862678,60,0,1
b721f44b-96ba-4060-9371-9a2aa4f635f7,22961,633234,12,1,0
3e6362d4-fe61-42f2-aba3-ab6795c26085,20473,114159,30,1,0
a2289ef8-13ba-4be1-bd19-b1f085d482a7,14887,476819,42,1,1
252a3c57-e454-4f55-a04e-ecf1f81a7d5f,19894,184450,18,1,1
4c46ca94-6fbc-45bc-8fca-8dc8c6549712,24381,588028,42,0,1
ad8675db-aee1-4b0a-b093-bf94cb074128,25351,258873,54,1,1
75e567f7-5acc-4009-9550-6c565de54240,37205,957784,18,0,1
36acf956-9803-40d3-a62b-be8f4132299a,21965,496260,24,1,1
22010f86-5dbd-4a1c-a30a-42dc223dde76,23513,624294,18,1,0
d745f1ed-82b4-4847-87f7-b2e6cc9ae7b6,23420,724456,42,0,0
2d58dccd-c5fc-4c11-974a-eeb26bf24173,31126,959960,48,0,1
983212c3-a8c5-45a4-8662-bb1d2453a968,25340,115551,30,0,1
1269d467-f552-43ab-8764-9f7f7c3424b8,32591,319351,18,1,1
a13c9a89-25a4-4296-95af-5da3b0d4d216,21108,235173,48,1,0
763777af-be06-445c-aab5-f4d6418f84b1,23187,646470,24,1,0
01f1eccd-2c4c-4b60-8eed-358b67013e3e,14677,684812,42,0,1
a9d6cfc9-46c8-4ccc-9b56-b00730e2b54a,26950,517996,6,0,1
a7310c26-eff4-42be-a443-0d2457a3bee7,16112,416427,60,0,1
5edf0436-5db7-4f45-9012-c4eea2eb6fa7,27289,828544,6,1,1
a7cbafb4-34de-4038-bb03-4a68ce642864,11036,813339,6,1,0
59a18ca3-4aa2-40cb-8f91-9136db0311ca,19732,917230,18,0,1
11b25805-daec-4e8b-bb5b-73619e3e137c,16895,458379,60,1,0
1c3b93d2-b603-4ee5-b2e5-f78eef9ca323,20358,137355,12,1,0
7407110b-2a41-493a-88fe-984dc9f1c1d3,19734,381821,42,0,1
ab766602-08b3-4457-962f-c42022238e57,17746,198992,6,0,1
3c1cbc5e-9479-48de-926a-a40d584e467b,32188,998383,30,0,1
185afd29-2585-4f95-b98c-7ca6a5fbe457,25308,210211,12,0,1
2d516cd4-6148-4c89-a2f3-fabe159d2505,6202,880836,30,0,1
5bf50fa8-90f2-460a-ac87-9407746189e9,14054,987993,6,0,1
86e96e21-0da6-4ebb-84bf-dd70c299b9d5,21727,197220,6,0,1
2ee04e18-edf8-494f-94cb-7416faea41cf,21052,446876,24,1,0
2fd67965-4f24-44a4-b74a-2c3bb859bfca,24044,710761,42,0,1
f88d80ff-2663-4eac-8143-d97e0caf6386,19893,798513,54,1,1
e6ae1925-b335-4023-809f-11b05a2fedbe,15695,147084,6,1,0
243a1a81-989e-44c8-997d-df50a4408a63,19609,619206,24,0,1
6c77fcae-64e1-4c51-adc4-61315bea8e24,15895,188244,60,1,1
376058a9-667c-4e48-ba5a-a91640314785,21403,499593,42,0,1
75cb8879-cc48-429b-8569-60fe0b70a539,17557,956077,48,1,0
b93f2a8b-e38a-453e-b55f-bf0df7ba04e8,20010,502906,30,0,1
c430a970-bfc2-42ad-8808-d8ffa8f137fe,19601,290917,54,1,0
38fb44bd-ee63-4d87-b769-9a6aba84464a,35581,959248,42,1,1
2de68c41-1c05-4ec3-8f1d-6bd165b8d162,21881,625928,36,1,1
618a6589-a6ba-4c13-b94e-f18a3d60e20f,12939,765651,18,0,1
44ce2380-f07b-47ff-bd63-4f269bcf0595,24843,369410,24,0,1
b384421a-e82e-4be6-9422-791b8f3fefdf,23607,682653,18,1,0
c3446941-82c5-4672-b45e-415ddd44de84,29740,971339,54,1,1
8fd86b24-0a50-4680-9f34-4e9da0abd92a,22355,479595,18,1,0
5b9a45b2-aa89-49fb-9aff-6a85de6e8840,20615,962672,54,1,1
b2229140-df42-47dd-bc36-3854f719f4e5,13338,726397,30,0,0
111ad0d4-ec73-41da-8217-6446be787f95,14269,326368,42,1,1
ae029197-7119-47cc-ab69-5631b344146b,24060,851452,6,1,0
761b1671-6d65-45f9-904b-38b76022bfa7,18050,445278,6,0,1
c56af3f0-69a2-44d6-9a5c-6821d28bfca0,5210,716124,12,1,1
03c89386-4d26-4ecd-949a-295510c69105,30792,423983,36,0,1
1ddd7a0c-2824-436e-ad83-67de23583d1d,26662,134927,12,1,1
e5e18d34-0925-485c-a3d5-5246130ee4fc,19083,237425,48,1,1
67f3a9f7-2e08-4a83-9e2d-c7ede639d9ea,20764,611273,54,0,1
2f9e3c6f-6a6f-4fb9-a3f0-d2922369771d,17401,524416,54,1,1
8ccfeb7f-4b07-4265-8ce6-0a79e82925a4,12481,763208,24,1,0
17cce470-906b-4187-9739-13055a0127ef,26293,823912,18,0,1
135812fb-ca8e-47c3-9cb7-31f8add18051,27603,181700,12,0,0
c4467213-08c3-4542-8a02-9d2dc96c5abe,17726,209555,60,0,0
123bc1dc-346a-4b33-b6de-411222fd8b7c,23651,538279,48,0,1
933ea8ca-2238-4870-8dbf-757dcee566dc,18124,638146,48,1,1
87cbc307-f3ba-4d98-b3f0-df41c6b08b23,16972,854435,6,1,0
8d1110d2-31ac-4538-889d-b05a9942bbe2,14397,138809,18,0,1
27c827a2-23c1-4e77-945c-ebb4da8a2c8c,8610,477851,6,0,1
9eb8be0e-c493-4ebf-892b-f5a3599b4fe1,38378,287204,24,0,0
96e42e67-9284-4034-9a46-d6f52b685836,14481,934119,30,1,0
6240192d-64e8-47bc-a425-f8b2a6fad213,15240,864184,30,1,0
12b9ad79-8046-48bf-aba2-2dae8f81de04,21944,342319,60,0,1
2e72c4e6-a03b-4ab7-801b-345e67019937,29272,704265,24,1,0
43ffba3e-5cb0-4120-a99b-ed8b86fd5fdf,12630,377044,60,1,1
546d7f8f-66c1-4eed-9c3e-9d1cbde3d62f,28879,959435,30,1,1
1e4322a6-ae35-4b56-bdf2-0329bbab0891,23013,456647,18,0,0
3bd1f950-3b46-4a16-a75c-476c53a6a635,27967,586779,48,1,1
e82d94f1-1453-4b9d-bf5e-522771aeb8d0,24076,299043,18,1,0
37490d3f-0a27-4f48-807d-64e80a3adbae,31301,257565,48,1,1
b9086ce3-a704-4844-8996-f306866e9a62,26813,698295,6,0,0
4bb19dc6-d2f7-43aa-a54d-bf423c14b598,29068,641171,30,0,1
a6747da8-e790-415d-8451-ad6e6979f369,14594,381601,24,1,0
4e8f57a8-54e3-45a7-b77d-be1dc7dd6ea2,24489,522006,36,0,1
0ea1a30d-e421-4ef6-b3f4-1c628bb4ba60,22388,790929,12,0,1
b64d3aa7-1e9e-4de0-92dc-bf9c51383b8d,32304,340079,60,0,1
c584756a-1146-4ab0-8b53-1fc49492b334,29482,576064,54,1,1
dec18044-39b5-496a-91be-d0bcf68d2693,22177,734480,6,0,1
40a6b21e-39d2-44ba-aef6-06d9bef4b2de,26344,213366,54,1,0
fe35a60f-5be6-4dea-9116-a4075fcdc3e4,28705,699311,48,0,1
6864f8da-7464-4d64-9b03-673d2e1c01f1,22060,834644,30,0,1
357a5d4b-2a3c-43d2-8d8d-2cd453b49599,22505,461654,42,0,0
938b7d2a-394f-4cad-8da7-b4a133e6eae2,10729,372909,18,0,1
e7e0687b-9f8b-4b3b-b09f-eff96e6677bb,22972,315374,18,1,1
fe15a238-a4d6-4891-9328-0f863c9e6125,15417,258347,60,0,1
5bac554b-4348-4547-81fc-9a52706b4106,24569,997937,6,0,1
a421511a-10a8-4fcd-8307-4a73c9cecba9,13369,318081,12,1,0
d7ada48d-1f7f-48b5-a36f-e458bdf66a05,23379,352830,30,0,1
f69a0486-f7d4-448d-a66a-7edabee407e1,16261,636787,24,0,1
eaf64598-c4e8-45a3-9950-8f171103ef21,12189,262404,42,1,1
085583a5-b450-43d9-a5c9-3a6c85c66bf1,22779,107026,12,1,1
8ddd0ee5-e59d-41f8-ac78-29d685ca2bfe,18250,996078,6,1,0
8087409d-eba9-4df3-8ce8-78275b99ff35,13817,929304,48,0,1
3e56684a-d0bf-4663-b29f-4c45ca1a5a31,29827,520663,12,1,0
df3bcbb7-0412-4232-8f77-b02e92ac66b4,12331,838945,48,1,0
d5e438e0-66b9-452f-91ab-b536cb7bb65e,18181,527891,12,0,1
99de2ca0-94a7-47e7-98a7-a8ba89a03c02,9974,653202,12,1,0
91c7b184-2b13-4275-8500-62cd35342d4a,12135,931827,60,0,1
5265b5c3-2ee3-45c1-9aa6-f5a67bce81cc,23630,781192,48,1,1
4ec78254-3762-4b51-9a71-25f75dd21191,7340,575279,54,0,1
31641e74-ad17-4a72-b7a2-970a5d8630cc,4558,855952,6,0,0
52d6c783-fbb0-4b1b-ab52-d44abab1aec6,17358,544041,60,1,1
fb4054c6-4e18-4f27-b6fb-132a49173afd,12245,207782,6,1,0
bc170a57-81c4-4382-84e0-b3dfe22eddf0,14031,233071,12,1,0
ce4edd30-e414-43c6-8f87-d2ee34968bd4,16747,630948,48,0,1
20aec766-4478-4bac-9c63-6e31b298490e,13030,623756,42,0,1
7b5261e8-c86f-408b-a4e5-551ed9367628,17423,624253,60,1,1
51529e12-f7cd-4df7-aef5-1d29aba4d45f,22801,740218,6,1,0
bd9070e5-bbf1-4d2b-88de-d4920e292260,14996,551278,60,1,1
7ea32f4c-65c9-4259-8cc8-560a198f8937,20611,705163,6,0,1
077ee4b3-3830-44c4-9e21-a777349b8e40,20006,600463,42,1,1
c020c387-54f9-4184-bb2e-043227329df5,28564,104769,48,1,1
aedbbf29-4593-42f9-9567-2143ceb6fef1,18228,897846,36,0,1
f83618f6-6979-4c79-8f63-bae788af7a1d,28900,330562,6,1,0
96789dd9-2d4b-4b8b-866a-9f612b5ee599,15692,489758,24,0,0
48d36276-6ca8-4a4d-98bb-9e23da636f45,22552,391518,30,0,1
f20a11eb-cd6d-4c14-92df-ea9fb588daee,22841,335412,48,0,1
459349e0-68aa-4677-a512-a17b49e5b0aa,13531,789847,6,0,1
22b766ff-5bf9-417d-887a-65adf69c0040,30957,193747,42,1,1
2933fb3b-39b1-4c61-895a-ab925d35fa54,20012,411314,60,0,1
505bced8-816c-4c6f-a2a0-316daa900350,24913,457820,54,1,1
ef280860-f6d2-4407-a1e4-394eca219d32,23140,529289,24,0,1
f8243c85-b6f2-4a01-a3fa-714887f09a8f,21359,940174,60,1,1
19550914-3f12-4adb-814b-1a37a2da9baa,16660,829574,36,0,1
175b1034-c7c1-46cb-ac8c-867f337da7df,22963,721023,60,0,1
0bbe3ede-5d47-4f51-8c05-581dadedb39f,13805,409176,6,1,1
04cecbb1-4745-4e36-bb7a-15c7ee86c5b3,14925,718727,18,0,1
19df9d8c-a29a-4196-a7e7-41ab53c4625d,25461,149292,36,1,1
e8cf3846-3447-4324-af1d-27c38d8a5e88,27926,334856,24,0,1
0421abd3-b6b2-4069-b7fe-8e782e9bbf75,25843,649805,54,0,0
e88cb2d2-faf1-4541-8e68-1b248ef8d72b,29072,783039,12,1,0
b2335463-cdbc-41ac-8e42-50f4177fba68,16461,284201,42,0,1
22892397-6c91-404c-94fa-658ca5ae47fd,14801,201997,12,1,0
c7c5bfc6-a72e-4290-aa84-3526531d52c9,23149,893911,54,1,1
68254a15-05f0-4a3b-9792-ec475337c447,12744,145779,18,0,1
d931e96b-70af-41c3-b3fc-1fcfbb2d4aa3,23735,289110,6,1,0
179b9314-4a5d-4a4c-8fcd-762e80a275f8,21113,810192,6,1,0
b38ecb58-4416-40b4-b21b-70be56470758,28946,402081,24,0,1
c876a0da-958e-421e-baba-b6afeb2202a8,26586,992789,30,1,0
30984bc5-a24e-45e4-8408-4fe6c3df005d,20967,775261,12,1,0
c74b797f-6542-4768-9ce2-b481ed7bfd96,17716,602475,24,1,0
c5682043-6509-47c0-8729-9e24c2635d41,10996,665102,24,1,0
58cc98d1-4c81-4683-b8ef-856eced33801,24976,139346,12,0,0
c905f4c6-4e6b-4b7b-a65f-6e140fb81c35,32347,742152,30,0,1
66be0f85-ed8d-446c-b1e2-63f0fd5cb8c7,26336,918639,24,0,0
e736794a-bc46-4074-83ab-5e8c45cd7302,28859,945775,30,1,0
acde1ce1-710a-4841-a8bd-2fd93d54f329,24420,280758,54,0,1
62d4f995-1252-4af9-956a-c32df5b4dbfc,16078,348582,36,0,1
575256f4-cb88-4638-bbb6-805c9800137a,16395,650903,18,1,0
abac6735-fb25-49d3-aed3-32988ef0c1a6,17676,464995,18,0,1
edbaf9d4-2b2e-4aad-afa9-cfe13944ac68,9395,234262,48,1,1
df8f34a9-9cac-41d5-97a7-58b62898eb24,17254,474931,12,1,0
cc93ccfa-c154-404e-9119-3b2e0ca8d9eb,21685,812253,12,0,1
fdc2d9ab-88fb-4b34-83ab-1efda2e5debb,11986,541417,24,0,1
6ea0edfc-cac1-4ecb-9031-d360c0fa1fb2,12242,394146,48,1,1
44d0e0ed-c926-442d-bc2e-f6db9795b961,22595,254975,18,0,0
c3d08c58-bb8e-4d05-bfc2-830025b4cfc0,16173,410861,12,0,1
3dbbe303-646c-4161-a12f-4d8900a52786,21858,139632,24,0,1
f40c0dcc-4db1-4a1e-b81d-34c76f45e0ff,15430,157211,18,1,1
d8845689-60b8-499f-a245-febab2416e06,15015,283394,24,0,1
5e0113e9-52a9-418f-ab9a-73aa179e0c9a,8821,988374,42,0,1
331442cd-f516-4e4c-b31e-837204fa6c55,20057,533164,42,0,1
a5545206-bff0-4869-9663-aacd385facc3,38208,769217,12,0,1
0033fe83-a6b4-4c89-9505-2b282e082df4,25882,310304,18,1,0
c90ba7ef-bd3c-4ad7-acc6-e80aae8252dd,27070,994335,36,0,1
297f43c5-23ef-4846-80e6-6ac6deed834d,26994,386947,54,1,0
7c8eccfb-8efb-4f93-ac17-91737996c6e1,13234,367311,42,0,1
e7737ee0-b0ed-4ebd-a13b-d8889897e1c7,27731,435496,60,0,1
104dcff6-4c2d-4868-81ef-1879962527d0,11113,508222,54,0,1
a37a0d8a-fe88-4d49-b0c3-ffb57535ca4c,33171,832356,30,1,0
4c68990a-9329-4816-aa56-510986e9cd97,21415,630143,42,0,0
90b7ab5f-132e-4f40-931b-0d4af4fbea7c,29148,413831,54,1,1
eda02999-0297-4348-85a2-b2bb777c2dc7,26895,312543,6,0,0
8525d807-34a7-48e5-92f4-785b69b86484,9827,229321,24,0,1
fd128a12-9fce-4a61-8dd2-541afce5af24,19494,862099,48,0,1
1796eb8d-8c37-4e9f-9686-69c68b6461a2,28454,751620,18,0,1
20a299a5-8641-4c44-91b2-d7b36365ea47,22275,865945,54,1,1
68442218-2751-4017-a951-f4091d10dd6e,23884,981685,48,1,1
74c11bad-8a70-4be6-9232-8067b387290d,26165,145715,60,1,1
a8342007-b663-425c-93f6-b4ffc968de11,17336,875513,60,1,1
e2c5036b-760c-48ac-ae39-55426111b736,31720,266879,36,1,1
cfb98673-446a-4076-9d18-9f8a5b2e569c,27767,253106,18,0,1
f7336f78-2c4a-4f24-9df9-07c9974716c3,1371,945126,18,0,1
d4e4a811-f1be-4cbd-9615-20968b8a24db,27293,486868,30,0,1
90ac863a-2863-471b-8a56-c8c77e524c06,21369,697998,12,1,0
06123d1d-e3da-40c6-99cc-a58b5d80c2b6,5825,869264,30,1,0
cb6ded66-3990-4294-a9f8-dc55cd2a8829,35138,558227,18,1,1
77d85bbd-ba24-420f-a330-dd9638eca3f2,28961,415500,48,0,1
bfdef12e-3dbc-4201-ab78-56d293e2f844,21336,822685,6,0,0
d45da53b-be49-4e72-8ad1-4dbd93b4289d,6114,484956,24,1,0
558ed893-6b65-4792-93e6-a03c41b51446,20228,445538,24,1,1
9293778d-3939-4e82-9867-60eefa61afcd,25791,625633,24,1,0
5c1f637d-7b1a-4f15-bc11-eb5ae82b13f3,11403,609093,54,1,1
baa284e1-3c80-4453-a6f0-3f8ffc305474,28172,969471,12,1,1
63d32bb9-979b-47fd-b594-ae975b00d719,12865,388167,6,1,0
0939beb5-1b26-48a4-9161-9b801e132d18,10153,515615,18,0,1
770fd3ce-9b13-4fc3-905e-18266e10c7c5,12887,543810,36,0,0
aa28a2c7-779d-4eca-be27-481b3619249e,14602,520221,42,1,0
450300e2-1f9e-4e35-aff7-b03a22ef29e0,2920,729027,24,0,1
8f900df7-26b9-4a3e-96ae-7a11f361209f,21549,753442,42,0,1
bc0d7a40-7e70-40ce-a665-fba78f81abf1,17139,470854,48,1,1
cb9ecffa-e5e8-4ea3-af95-6328f479586f,15338,634680,24,1,0
50a160c2-b609-4a31-923f-2699dd8de2da,18525,149275,30,0,1
96992a05-3390-455d-bf87-bba8a321bca7,6921,721072,12,0,1
3cc7d468-0edd-4a52-9bd1-0510a1053f85,21586,350808,6,0,1
889f266a-02ba-4d03-aff0-487e6e35e18b,10621,750076,42,1,0
8f8ab5e5-e678-4166-b388-d7e3542a4886,31373,109061,54,1,0
7fdc976e-a79b-4e14-b029-3eabf95d41f9,16645,100312,48,0,1
fc25c8fa-453a-4052-8c73-3f528c59f063,23915,868666,18,1,0
e2448afb-f1f7-47eb-917e-1634f00cd8b4,28286,651894,54,0,1
0e81ffde-0c2b-43f8-8376-528322772198,28173,190307,6,1,0
5419004c-2184-4977-a42f-05c66b3a6a2b,22463,202514,24,0,1
f45c0caa-6f3f-4365-9436-965282543092,25805,945121,6,1,0
11bcf21e-83b2-4542-852e-5ac4af26be0e,34157,636430,48,0,1
dcecf45f-3f51-4091-996a-41eaff530587,26600,926375,54,1,0
f8d46cd5-484a-460d-ada9-4c5c97109cb0,0,269900,18,1,0
fe700277-021e-4509-b8df-508c18485442,30211,933942,42,0,1
a239c217-b09b-4098-8f29-fd655fdccaa6,17651,454625,48,0,1
53926b8b-f198-460c-9649-86058a06df17,29418,819188,60,1,1
6f649a9f-1e9b-47c8-b469-77933fea3683,25364,219527,30,0,1
2b032f9f-6346-437e-97fd-8add2451adcb,24348,617410,42,1,1
ba73e0de-8585-41cf-af51-50a28a27a07b,17981,452969,60,1,1
7a477f32-a00c-4bcb-b889-f232d91f829b,15585,802845,42,1,0
be8cb6dc-d967-4753-ba1e-8c4068cfbbd8,15641,975153,54,0,1
1a1df507-443b-4dcf-b04e-119152a55bde,29992,811404,42,0,1
138cd25e-bc57-488f-8f0b-eb486c3359fc,28947,525596,42,0,1
bb734fb6-fbce-42b7-8c3b-c067f77f3b62,22779,161186,30,0,1
91bfbf3f-b145-4c1d-91bf-bef8c5c49da5,13525,791573,54,1,0
440a2eb9-0488-490a-9a47-004f095df166,13322,887029,30,0,1
85fec7da-a2b8-4dd3-89a4-414273442663,4678,242803,54,1,1
99842414-dc7c-4743-8b55-d42f7df49b5d,19984,717630,36,0,1
85812d13-a9ae-4cee-8442-9061cd59b424,9113,790234,60,0,1
46baf7e1-1f8b-4e06-9e2e-a529eea99d45,22359,806279,42,1,1
c4870833-e9df-4d00-994d-cc8db8b1ab5a,16153,342477,42,1,1
1f04cde6-bf75-4e46-9fec-879684a1b0c7,21042,798143,54,0,1
2eb62a14-fd81-45bc-a1ca-dd083159e01c,43524,356152,18,1,1
21e6bab1-33c9-4210-9c44-35ab7bca634e,10879,370366,36,1,1
88313596-bafd-482f-8425-ddc80a077b1f,25761,120626,60,1,0
2aa6072a-ead6-43cc-8c00-2693bdccc112,13213,306611,12,1,1
7188f893-8824-4df5-9b8e-5db093e47568,12831,403926,30,1,0
e4f08120-a27e-4360-907c-dd1f611d84bb,34464,349962,60,0,0
303604ff-e6cd-473b-917d-539fa30c738e,21944,451579,42,0,1
05da11e0-b3cb-4dab-ac72-1a56f6a13f89,20674,149837,54,1,1
b09881c3-8fda-4d78-89cd-69b66e951b0f,23981,563331,54,1,1
6cc94a7e-9d88-40f0-bee8-13802a026133,18339,633346,6,0,1
ff62e3a1-1cb1-4a6e-be4b-69b9283d972b,17632,386146,30,1,1
ff74caf9-f563-41ac-b252-f3525def4134,18370,536551,18,0,1
8c6cc72e-4181-4a90-b45b-7c9b8ae28719,28163,180210,54,0,1
b846eb3a-20ea-4304-815e-ea1ea88bf952,7489,109535,18,1,1
5bb4ac13-cf5e-44cb-95e4-e48c92219d6e,9859,945188,6,1,0
bc2d0c92-0599-4953-9c64-08715e1859c5,15964,584959,60,1,1
6c1ef367-ae0f-4a42-9962-470a30ec2a67,20726,753317,24,0,1
474c2918-4d31-4f1c-b933-fd8f576bb4c2,34084,163052,36,1,0
8496ff2b-2efe-4741-a183-7c36d1ef50cc,17324,921937,48,0,1
3838e02e-cfe1-4ad1-8ae5-afa1d10296dc,37719,533516,30,1,1
27034f11-3176-4904-bd10-a8dbb7976757,11500,268663,36,0,1
19b156c8-4333-4e89-bb60-a55a76a50fe2,11636,452623,60,0,1
4d4cce7e-8c04-4710-a3dd-d89e3f9c5a5f,27916,174877,30,1,1
a4e127b5-fd61-42ce-a951-06d4afc0243e,23199,679066,54,0,1
e0e6f36e-6d66-499a-b300-eb034891adc8,23489,309374,30,0,0
2bf692a4-296c-4a69-bb7f-f78e9a32f6cb,14958,226465,6,0,1
e7b00fd1-d733-4873-8b10-efb101f51a04,20993,593574,12,1,0
cfb73cba-9ba9-4039-a131-68a94b5623cd,28951,359679,18,1,1
f1ae7ef9-bec0-4d14-ac38-97bd43cf4db8,26439,227120,24,1,1
d6aea13d-7cb1-4d7c-a2b1-7e3c514091aa,23233,620039,30,1,1
c2a84c2e-a95a-499e-a12b-514a379c8a7c,19729,745261,6,1,0
0cc59921-7bd5-4260-bfd5-49072523de9c,34487,667152,12,0,1
c941a452-c5c8-450b-b71b-abe915d8b35d,26094,415200,60,1,1
2c436fc5-ba2e-4107-b2c8-112acac77db8,9521,615239,54,0,1
dd7a84be-d8a3-4828-87da-738f71eff332,23420,674973,24,1,0
2ad5c948-b164-4282-b41c-91cc0add2a85,25665,779003,36,0,0
5a4a6069-80c2-4ebc-89f3-2903118cbe95,32020,485637,54,1,1
856963ea-2143-4444-b320-2bf94f7483ff,33149,211856,12,0,1
2c6e4430-9f1a-476f-b0dc-d2d784a93e4e,20526,554887,24,0,1
1bba69b4-df2b-4bb3-9da0-fd9e4b7f6620,23525,915107,54,0,1
1f9d5764-cf71-4c81-8ed6-7cd08be041c4,960,607310,30,0,1
791701c7-a515-41ad-8e02-00f4c28dcac1,22988,835885,6,0,1
803656cf-5970-471f-bfe9-244c3c5ac56f,27162,634324,18,0,1
c9404f4b-eccf-407e-83c6-43881fd4d091,24772,947152,36,1,0
cb5b06bd-3068-4f10-b8df-c7f93f20bae3,19595,328833,30,0,1
30df637b-5fd9-4cf8-9bcb-b8a5fbe86ada,21595,538364,60,1,1
3911e274-d754-440d-b61a-1547b1c43c34,34781,161932,6,1,1
46bc0544-7dbe-495a-b1b6-05c4f0b76022,19263,588152,60,0,1
e1e3d2d9-5a5a-46c1-a98a-a3f7bb1e6507,9032,550969,12,1,0
88d41fad-fe45-48bb-896e-9d04dcadf7f7,13357,538608,24,0,1
10b294dd-aecb-40ed-82dd-527432eed72f,8855,588396,30,0,0
5a84009a-5521-4e9c-bde7-aaba52788b23,11947,153916,30,0,1
53698163-fef9-4d35-a5ea-4887d272679d,27300,516628,60,1,1
517e1037-ffd2-4b5d-9b4b-d8aad0d3b99c,15465,506727,36,0,0
6d7d83a5-4bb0-4b31-afe2-1b71ed903a8c,30204,762433,54,0,1
c9270992-6488-4d3e-aacb-f4efe5c102f6,28234,209613,42,1,1
a3334f27-42f7-4cc9-b6b0-12c3e789015e,23220,544051,48,0,1
e0d609e4-4330-43c5-9dc9-2d03228ef73e,22880,142952,30,0,0
c08398c7-d2f5-4968-a26e-d2e141484dbd,13509,922443,6,0,1
d2db6a02-1d54-4d25-b600-c8a71cc2a7b1,30845,349512,42,1,1
bed9ad43-de9a-4114-a1a9-e7216d2728a8,14543,173882,36,1,1
f29242f4-c69e-4840-b41b-e1e64cec88bd,22930,699920,42,0,1
65ca8aa5-b158-4886-9790-59da4bb3459b,23564,875639,24,0,0
71849024-2e95-49ef-a8fd-c6a6ed22012b,22474,951129,6,1,0
b12f0b29-6401-4b15-9374-a1b4f23a2b8c,23692,383215,30,1,0
4be0f433-410f-4e33-845f-a1de7901df08,22583,254811,30,1,0
31a8f270-dea3-4767-8daf-5742fc7948de,28387,673458,48,0,1
e8211b4f-4af0-40ae-907b-8ed4e3ff74e6,20837,162153,54,1,1
25a6eaf5-dbb9-4e13-9466-92d27e0a8ebf,26573,470720,30,0,1
9e105430-7bca-461e-95be-143b6191efb8,20434,621254,36,1,1
d6b7f117-00ff-467b-bf1c-83f440b417f2,24049,779892,30,1,0
702c6249-5032-4666-9f00-c96fa3c7ce88,15761,542897,54,0,1
813dae7a-b92a-4cf6-bd35-94ce6e70cf9b,21111,214150,54,0,1
b3f6a32d-ae90-49ab-90f1-71302b734173,19185,993817,30,1,0
a5beee57-d0ee-4e14-bb8e-56b6bb3157c4,20811,846476,24,0,0
08db4fe8-23fb-48da-bf67-b49372a2d248,18593,258926,6,1,0
a7540971-91d3-43b1-b4c3-ae2bb274896d,23892,476969,48,0,1
489eda7b-3467-49d7-bdc7-df127bf81e50,27982,644075,6,1,0
6545f8fe-d3c7-4b23-a243-0e681c80938a,15401,581869,30,0,1
e485b224-e723-4d42-b50d-a42281e97573,29876,454665,42,1,1
acc9ed20-7c14-4c95-a301-89ce741bc253,25126,205936,30,0,0
02124bff-7a69-4af0-9abc-8af768c1551c,16010,658331,48,0,0
5c47e902-ddf9-4d6a-9bf8-ea4122e81e38,29655,756055,6,0,0
9e171826-2fcb-41ef-9c51-29684d09b994,16535,560166,42,1,1
e6092537-fbe2-4a61-afd2-76b564a1e6b9,14771,629490,12,0,1
fb6b5cdb-26a2-48ac-acdd-0216f0bfb5c1,14376,874595,60,1,0
49d4d8ac-c968-43c8-8d6c-495c593d5060,22582,701943,24,1,0
b83fb7e3-a8fc-4e1e-8c2b-eadd21586ca4,27380,467787,48,1,1
2e41dd9e-a47e-48d8-b8ea-b26c191e6c1f,16242,826393,54,0,1
bdea3efa-397c-44ef-95b4-64656b2e1065,11626,309750,48,1,1
442ff45d-f3e4-4acf-9c22-4131c4af5978,25409,779005,18,0,1
e2cf7ee9-ee60-4970-8d08-9e2c1dc1e88e,10369,598081,54,0,1
4aa1611b-f4f7-40b0-adbe-a5f8432259c5,14221,644125,6,1,0
b9cab9a5-76b6-4e6e-af38-5df4d5ee0b2d,14789,329017,12,0,1
6ee6e993-ce1f-4959-ab0e-7878faaef320,17451,376744,30,0,0
e6811022-f602-4d80-8cbc-6c86ed7b62c0,4398,969258,54,0,1
a6179676-395c-4b70-a5e6-0f496620e48d,22455,747827,24,1,0
26e04306-7845-4714-8bc1-430e81da5b3c,29267,568836,54,0,1
a1b7ccab-a8b8-4ca1-91df-40be8a1226d7,20352,170842,6,0,1
0395442d-47e4-447c-be1e-def9873058cf,31541,504228,6,1,0
1059ef4d-6687-4476-a2da-1850e342e661,18512,676978,60,0,1
f12da8c9-a5d0-413b-8d98-9e72abe06d50,27733,815300,60,1,1
39341648-ec0e-4bc1-a4c2-b6c12b5cf1e6,24530,364091,30,1,1
8c718506-3aba-438d-b733-1ec6e2145096,18790,227754,60,0,1
f0db3abf-99ec-4404-ae22-fc1de77f1376,16969,156986,48,0,1
24bf03d1-1e1e-4d27-9516-861a2a57c2a9,34901,955224,36,1,0
f789c307-ade4-49a4-9006-5b338d94a9c6,17742,728712,42,0,1
a90cb35a-8013-426b-bf05-6ee63f4126c6,23880,891892,6,1,0
3393c9f2-6a28-4f54-9c48-6b0591039fae,22492,888948,24,1,0
2b98483f-d710-4b51-a5cb-89875e45516a,9989,604638,6,0,1
b1855215-57ee-45cc-96fe-71e6e2b6ec58,23357,635761,12,1,0
a4ccaf5f-693c-484d-b3cf-de02f307a223,15598,708892,30,0,1
dfad12a2-0f71-4c9a-9f92-bfd7e79a8449,14061,979615,6,1,0
d61f76ef-d9e0-472e-8f96-1bb89dcdf7b3,15955,549545,60,0,0
87dc48b4-bd3d-4bfa-b42e-677b18e50b91,24627,574862,54,1,1
8d7c3390-42f3-40bd-aa7b-f7cf15670f13,24417,107841,18,0,0
410d7dc2-fc9e-4667-876c-d5dde039b38c,29905,118934,48,1,1
01799e1d-96fd-410c-aad8-b947a58f2939,23482,295691,36,0,0
2a18b99c-edb5-405b-b5e6-0101ba7bf07e,16819,950665,42,0,1
b55e7d9e-4924-4486-9a71-a22584a8e937,14766,984980,48,1,0
76cceaf9-791a-41ca-b34a-de19ac44bcd5,8878,872157,18,0,0
a53126fc-ecf6-4377-a457-f8291eacab14,19683,541021,6,1,0
32a3ddf4-1188-4967-b678-590b4a31fa2a,33065,191661,18,1,1
85814bc7-6207-4127-a5db-bea00975e2ff,18473,936256,42,0,1
ab2e945d-2898-4139-9589-3aa5fb9fab00,18848,502039,48,0,1
b267f28f-28fc-4506-b2f4-e1f251b76354,13002,377688,12,0,1
ca027a99-ae59-4e0d-ac93-8917182e7e1e,19911,511832,42,1,1
5e95f2c2-6f14-40f5-894a-2123dbfab70d,30448,420858,60,1,1
c07170e1-8ec4-4dff-8f9c-0bbd3f345872,25132,103239,54,0,1
5820223c-1873-4f10-b23a-9bbc2dcf2f57,19886,436382,30,1,1
a80e7380-e82b-4126-9e13-6089609664dc,17417,650871,54,0,1
c58edeb1-8a16-434b-a080-e3bfe67fa02c,40008,121236,24,1,1
e407b532-cf9f-441c-9654-88ba8844eb34,22116,948840,48,1,0
57aa0e67-8bc8-4281-a38e-f3f3ceb27191,23636,807465,42,0,1
8868ca10-2bfb-4093-baf0-3c6cec344220,10520,126173,36,0,1
13d9850c-1c9d-4b73-97db-e98f7a525fb4,38172,430495,54,0,1
88b41519-c5cf-4b06-94db-fe735d84501b,14870,627002,12,0,1
d39eb46a-b393-4cc3-a14d-3dcdc4983bb5,25527,931465,48,0,1
4f241e00-218f-475d-b2fb-7b0b65eca6fd,12575,640698,36,0,1
98f5395e-054d-4937-95e0-bf90ec0e8efe,24615,951292,24,1,0
cb53dfa3-2a5b-415f-b95f-2dfdde5f84ef,28664,472929,42,0,1
56efb4e5-6ec2-4523-a7aa-69647a46f4c1,24037,713281,6,0,1
5db06b64-2fa0-4e48-9eb6-d2379422ec12,23985,862205,24,1,0
0f603a56-f598-4ae7-8dd9-064938816b66,20891,495740,60,0,1
c8038223-8a0e-4a10-9e00-b6edaced9a4f,16377,849813,42,0,1
6b0c585c-34d0-47b3-ab7e-b87132a83bf4,26643,303638,48,1,0
032a33ce-3431-4a92-818b-8d9fbafbb373,18526,509208,36,1,1
c7a36835-c0d9-481c-9480-d43451001ec4,23029,493006,54,0,1
6aa0c67d-fa29-4431-8264-ee1ead8fbbcf,29303,524447,6,1,0
9ca5fdef-aadd-4f50-8c06-17d10c601360,18091,196587,6,0,1
ede369aa-dc33-4f80-a270-f1e8af3de1e9,25771,755953,60,1,1
cb242127-11a6-4f70-8ebb-c9171ee0bafe,20494,535190,42,1,1
c03507bf-6917-493e-b95c-1c5534217659,20364,484832,36,0,1
b1e7c808-6c3c-4352-852a-119f45be8bc7,13171,556933,30,0,1
35039824-16f2-4242-b977-9123c6bf5df7,22452,192099,6,0,1
19ee99dd-f856-4600-a9d1-95bf68103fbb,25999,348613,48,0,0
5c9f4f01-6862-424c-af33-ee273d980d6c,8280,926707,42,1,0
070c9f24-c232-42b3-86ae-bec462843d9a,14719,745157,42,0,1
0f0762c9-bad6-4033-b392-9be3190fa83e,31053,105378,6,1,1
e04de9c1-661a-42cb-827c-6de87ea6de51,20950,998305,60,1,1
cae6eb6e-72a9-4488-9ba7-a134e63a4bed,23354,761828,6,1,0
02d2946e-5a8c-4924-b30c-36836c26d81c,21555,830786,48,1,1
ce43c52a-e052-4a13-9ad5-16186080609f,23448,796779,54,1,1
60ec4cb1-f399-4fc8-9f85-19d0ad68c104,12128,421201,6,0,1
576b0264-3ed4-4c57-ab8a-eb03e3d0b571,30799,246518,60,1,1
d2ef209b-5679-4c67-be37-d853977a6b54,24519,277499,18,0,1
44805f32-2418-4cea-9c8d-e2de912e276b,17687,230551,60,0,0
e26169a3-9d91-4fcb-907f-721b8e8b9cd1,15657,626374,36,1,0
0f6b0bcd-e9df-4341-8cf2-584648c4d40f,10362,871559,60,1,0
e58e4cd0-a166-4745-afcb-64ab6a08229c,36585,832676,24,0,0
6cab0163-ac9a-48b1-a465-3b884ae6e217,29056,239674,12,1,1
a783f0cd-a1e6-44b6-a0fe-c5d0851e0483,17168,573729,30,0,0
0cb7c96a-915e-4de1-b044-a4b010894013,25985,707854,42,1,1
ec12518c-e7c9-48d6-a3b7-76ccb125416e,20691,928743,24,1,0
73f86319-6e56-4e18-b0c2-f635eecc37e9,27882,312306,24,0,1
9b856725-15a9-4c29-90f0-7e974bba9c1a,13951,498978,24,1,0
a3d1d39c-6c6b-4cfb-bd13-f7679db4addb,18369,574623,12,1,0
9bd119de-00a2-4379-9110-1daa57373f0e,15439,955188,12,0,1
0b354945-1e2b-4aa5-9f5f-bc9cd1911d2c,10212,289179,48,0,1
5d2e511f-60f0-4f66-a2e8-83bd5d7520c1,21314,176529,24,0,1
96f83cf3-258a-46e7-ade3-3e36fa0b8275,32952,480657,42,1,1
f4c42e3d-1dfc-44cc-8bed-e834d80f4465,38296,424845,60,1,0
fb9ecf37-b43d-400e-9925-e726685bc4a3,22360,637056,36,0,0
e940b08f-870e-4bb1-a1f1-824e323a078f,15132,888175,30,0,1
bec84670-5d39-42a9-a27d-2bfd308fb882,16244,339785,54,1,1
424d33ba-026c-4ae4-b090-8f42ac777946,12112,367792,30,1,0
601d2f5d-f05f-4761-a74e-313bc7a2b713,21423,643841,24,1,1
73ebf69c-ba42-4e1b-83fe-b8d9509decd3,19971,771439,42,1,0
b232f724-cdd9-426c-a7d6-a647226bf49b,23182,790014,6,0,1
2f701b4c-da04-48d1-a13b-c9731391064e,18422,398145,60,1,1
331ced73-df8f-4d9e-968c-ff99a1e7f615,24798,595721,60,1,1
a6cb0869-5f80-461d-a83f-53cf8f23aaf4,14629,644898,24,0,1
15c1d7d2-5597-466b-acf8-ac65596ae715,28877,454912,42,1,1
57581cbe-dc24-4d65-88e9-134597c86426,23804,894549,12,0,0
ea39f7fe-5af4-4c2c-a79e-f9d4f3beb348,25668,909398,6,0,1
7e7c03b5-08b8-4983-86a4-bceb7f6c1895,22212,301314,24,1,1
d3fcb77f-1243-4372-aa75-855e809f0974,14484,286037,48,0,1
145a6373-c122-427e-a7c3-0e4d12db4ba6,20035,942132,6,1,0
886e0cfa-eb8b-4514-be02-0172cbb66771,15965,477692,12,0,1
f0f6be67-6bc1-49fc-96cb-99bd73d19492,18107,674296,54,1,1
699e5c4a-b91d-453c-b06b-4fd7d4e27029,14944,424382,36,1,0
b5532368-33f7-4a78-8fb9-6f7a5485b3ee,22725,470424,12,1,0
51630652-542d-48c5-a57e-a7349b464d16,36131,137667,24,1,1
662d46ef-3e14-4e34-a3fc-b472726500b9,33385,602174,30,0,1
f54badd9-2cc0-4ffd-ab11-9f0503552502,22694,920315,6,0,1
1907cbba-7963-4d08-85d4-0592cbbb134f,15439,893374,24,0,1
660ed13b-4a78-4c60-b3f0-fc3d62877099,21735,852665,30,1,0
5559e1d0-3c6a-4f5c-958c-fd05ebd494e9,25520,406684,54,1,1
804520dd-3d0b-4f79-8d3d-749a336c5695,20159,793252,30,0,1
b2d11ba1-4e95-4b6a-b1f9-38589e47ceaf,26500,105575,6,1,1
e5bb7c3c-3498-4ce3-9f64-e3636fecf663,18155,299037,42,1,0
43e38419-5ee9-4eba-a793-11145822a651,14121,222460,18,1,1
b9d7c3b8-af8f-4f70-95ba-264152dadd0a,27537,244739,30,1,1
7c534d18-33cf-4d34-9275-b844485eabcd,28990,259058,18,0,1
6579326a-ca19-449b-814f-01c6966fdb49,17122,993276,18,0,1
f9953e2d-8952-444f-aa5a-d5288e645284,18221,339494,54,1,1
9e88accb-0bbb-4a4f-bb2c-5716c6cad3a0,31579,699412,36,1,1
89ade24c-dca6-409f-8382-70b82a206b25,5708,597364,30,0,1
d3cb69bc-e465-44a1-9824-37e6760cc915,10989,638842,24,0,1
30bdad70-feb2-4e74-b378-ef7c1bb5c44c,19898,201598,30,1,1
e26805bb-5db3-48d7-a32b-e2e78e073f44,9869,912636,42,0,1
5d669233-9d54-4607-a262-650b3bbae262,23206,675633,60,0,1
9fc073d5-aed2-4150-bad1-6eeadcf7a7fe,18931,408232,18,1,0
aea4644d-2e5e-41af-a393-55c88afddfee,11020,188874,36,1,1
e796a47c-24a8-4996-92fd-d867ac1b8b6e,34467,194761,30,1,1
343f633e-90d9-4db2-b006-350847a01f38,18825,452284,30,0,1
dfa90838-f08e-4204-8227-10fe103b098e,27381,522668,60,1,1
70477216-3e78-4f3f-8743-3bf213218d87,18188,598993,6,1,0
b3c384d6-a12a-4b3d-8a61-2f40dcb1ba8b,26773,198915,42,1,1
ac386fe4-0545-4db7-a1c8-644ac7baaf80,15375,835377,54,0,0
581f452d-c879-470a-a4da-d18c4af74df6,23096,475025,24,1,1
379cadeb-75ed-44ba-9b9d-2731329b7386,11758,352377,12,0,0
e1319b2d-831e-4851-8d7e-05f7316de3bd,23965,657264,12,0,1
32b091f3-24b6-4622-a691-1da2ea181254,25403,190808,6,0,1
7065ff95-e9bd-491b-bf00-d2b1898d94f1,34271,952214,6,1,0
9cdf8a41-d944-491b-90ed-c698c7eb1e41,27213,214383,42,0,1
e878687f-35a9-49fe-8761-a603f8010c00,31085,790178,30,0,1
cd036ae7-ef3f-4bff-b749-9dab930496ea,22587,505821,18,1,0
db8808bc-2c9e-46ab-be17-9c3c1c46a641,15877,217329,36,1,1
17e36038-b2e0-4f30-81f8-38788b0a6993,29596,198566,48,0,1
310b0594-b1f4-40f1-8bcc-4bc4ab050b5a,27655,502068,30,1,1
6e371648-cdfd-4bfd-bed9-2bd3d49e27dc,31784,819322,42,0,0
456a9958-7db1-4d69-8284-ce97acfa41d2,31600,274021,12,1,1
37130155-4799-434a-bb19-57e07e13730e,45174,201779,54,1,1
c607e157-192d-43e3-b523-49a9c46cd296,16663,404355,30,1,0
a108aa01-087f-4177-a1ce-15781d1cc871,24705,897109,36,0,1
61d7992f-f892-499f-921c-790562313ba4,28024,781760,12,1,1
1a39ca74-3438-4e5e-bdb7-6464a2fc08fb,16616,627155,54,0,1
e55ac2b2-6de7-4fbb-8478-2765dcb0d92e,21316,311338,60,1,1
b3d29e6c-597e-4f9f-8f34-01e248389ac8,11253,173667,48,0,1
4d7b80ff-d64c-4827-a8d4-08b6559a2184,18589,909745,6,1,0
f35f245b-2003-4131-b165-26c8be6d4575,15459,617269,6,0,1
20a84c5c-652e-4311-b377-b42333445bc2,23368,415983,54,1,0
6391b454-2a7c-4489-b2f5-a3d45af85402,27715,946247,36,1,1
376c0406-7bdf-4e38-9c27-5fb88f034310,23041,197148,18,1,1
d5e6de07-3f13-4608-9bcf-cfcef3f80f33,33403,796250,12,1,0
f23a324b-222b-4ef4-90d2-915a49578fa9,18763,243593,6,0,1
579a77b8-3ecf-4616-8939-499bcd1fb649,17567,758180,12,0,1
340a760c-2bda-4988-bea7-c484f65672b9,19425,620519,30,0,1
4c709228-32a0-4c66-a68a-723db72f72a5,15246,789702,12,1,0
d7c1f939-e377-41f4-aabf-2fe11c70951b,20206,639317,42,1,1
21acb112-b8e3-464c-a365-b144bdf04b9b,16942,472414,18,0,1
4668a8a9-1f47-4951-8513-db738d9e81d0,13864,773576,54,0,0
978e2f88-15b6-4519-b13f-d70f0facc730,14909,909527,42,0,1
bead1f11-7a6d-4d16-8a94-10c5e47817fa,20221,662443,18,1,0
a481b724-1cbd-42cf-a30b-ffba8dca54d4,32986,927290,36,0,1
cabd28c6-429b-40c0-b0b7-f139f80a0448,26592,741598,12,1,0
efbb49e9-1163-4e75-876e-919f4f88ef29,24241,358544,42,1,0
453c0093-f4b2-4e60-a81a-652567a461c0,19965,849595,36,0,1
59819427-aa40-4ee9-979d-b11639e62c38,12671,858220,6,1,0
451e7a30-2360-4bfc-a864-7cc446634930,25330,951049,48,0,1
8d2af716-1139-4394-abe0-2ca56b4b5ce6,14517,143440,24,0,1
1cc9718d-cdbe-40ee-b318-ab34920265f4,28760,177139,36,1,1
52007714-bdd9-4eb7-ad2e-983a12d39598,21271,351897,18,1,1
a077bdc5-77cd-40d9-b4a4-07cd66f76bd9,25067,925393,54,0,1
6686e1e2-ef43-4bf3-94b6-2a324c8f0199,15944,554179,24,0,1
a089ba31-d13c-4b7c-beac-b0b5cd9a6c28,19224,174316,36,0,0
51e92525-05c6-4788-be0a-b49c032ab230,29832,247284,30,0,0
c30d78d1-b98a-46a6-a8b3-84bcb3f4832d,43672,658821,42,0,0
88f34c5e-ecec-46c4-a502-1ef742e9ee8f,26153,425337,36,0,0
40d3b2c9-a5e4-4c56-904d-2664a2a37eee,36271,875805,48,0,0
153012d6-fe52-4886-b577-63745c7309ea,22177,618544,30,1,0
e99dfe97-03b8-4e93-9a06-9441b6241410,22340,121745,60,1,1
aec6c4e1-f91d-4faf-8385-fa17301e4188,39506,458987,60,0,1
ad40e8ac-33dd-4a87-aa51-d492555cf291,16406,161100,60,0,1
4ed87aad-d1de-4b4b-9598-c397d99814a7,19387,736579,42,1,1
1906d913-a252-4536-ad4c-166acfd75042,9393,575436,36,1,0
6e0dbc38-1e1e-47c4-912c-ad71285a27ea,19248,814074,12,0,1
392e38ba-0169-4a8f-aaee-c447735bdf1e,16918,104679,30,0,1
61096546-84d0-4b9a-9086-104e9098ce4f,18641,285111,60,0,1
2ca30063-7cfe-46e5-8557-1f6573dd0599,17230,797300,18,1,1
557d45d9-96dd-4a46-9163-014f00d4c271,23014,691352,60,0,1
71b4faad-b380-470c-9983-dc1985bcba67,39590,164041,12,1,1
733645ec-173e-46a8-900e-4c0df5b255f8,21905,240733,48,1,0
decc915d-6d24-4103-beb0-40ca46169a2f,14090,727823,54,0,0
6a160121-9537-492b-bc1b-e7b86862019c,11955,373663,42,1,0
d0907497-e932-41be-9757-7bf95fafeeb8,18103,287823,48,0,1
d6e6d206-100e-4db3-8973-dd598b6f9762,22428,753025,42,1,1
84eba8f5-6462-4f90-90aa-1b31abd9e597,22005,991105,54,1,0
67d7258c-d23e-4483-ad65-4adc37353ca4,25571,100953,6,0,1
3a7da33d-2575-4054-a4c7-2e5d81b795f4,17619,774944,42,0,1
2cea5baa-f7fc-49a6-8006-b92aae451fa7,14451,828308,30,0,1
df8a3088-4c1c-49c6-8195-980b211b5bba,19734,824203,12,0,0
5c3d0354-502e-49b6-9e8c-748d46697992,21141,131752,18,0,1
7f1b30b1-18e9-44a3-a1dd-c7f38ed6363f,23668,964841,24,0,1
f14a8d4e-6543-4e57-b147-aee96150f50e,31573,231554,48,1,0
a98111a1-59cf-4902-a9d4-bef31b333d59,33848,853884,36,1,1
d573965a-ee07-4d1e-bb01-dab89b881834,26295,763016,36,0,1
c60903c5-d6a6-4f35-84eb-583f821cc6de,18191,943324,24,1,0
52a62170-39ff-4471-9627-5ebd6747ac05,22926,589256,6,1,0
826e1f54-d1b9-4b6c-98e8-06539da90a3c,14576,601150,12,0,1
ee7409d5-27d7-4332-a7d4-fd390c8dfcb7,27238,403569,30,1,0
eed60d5d-57e5-4e5d-92a5-744f23864be9,24286,663520,36,0,1
46277ef9-9560-4867-b850-71fcfc76ac04,13900,937084,54,0,1
5b16905c-2c89-49f8-91e0-fe57449e85f8,17415,841453,12,1,0
686591cf-3b60-49bf-b264-2b0127415ccf,11966,721843,18,0,1
a7516a50-91d4-4c6a-a011-3112bbd4fbc4,29562,408040,24,0,1
bd58af67-5b74-44f9-90d5-9656ebacffcc,12371,480515,48,1,1
1b55c4cd-d941-48f4-961b-2531beb1ca6e,14176,551896,42,0,1
9b4fe58a-a276-4b6b-95f2-4beb26cf78dc,24083,797543,18,0,1
c7b8cd86-99ce-4a47-b1b4-9568c46ae2ea,25836,193244,30,0,0
64d52703-fecd-4850-a347-d3e0c3dd79b1,24345,627304,30,1,1
5eb98e9d-ab00-4204-9d27-dc1607505912,24896,378360,18,1,1
9108635f-1cc9-4906-a687-4919ad86913e,17340,703901,48,0,1
a2709c73-8346-4654-8573-7a6acdc1ca09,13664,297977,54,0,1
c4544283-1a07-4144-9b86-e723e5ee60fd,24779,156139,60,1,1
4dcafd71-a34e-47f0-84e0-614a3214d035,24368,870805,60,0,0
0b9c1fc2-a674-473c-b058-a095c5c86898,9371,185566,48,0,1
f4dba311-d392-445b-89de-39bff9c0643d,19472,923838,36,1,0
7cf39cbd-a662-4a63-a8dc-056d32491c30,31835,190877,24,1,1
18b50e33-d88f-4384-98c4-213f62733ae6,23527,684916,60,1,1
d6024fe1-3a03-4ff3-944b-2459e8ae255a,21818,564974,36,0,1
487c1db9-d75c-4820-9379-ca0413ddcf39,31564,102624,18,1,0
b1778f4a-d12b-414c-8d46-8cc3a857e87c,28896,719615,48,1,1
b17b7d40-f551-49cf-bc30-5ea254c0ee02,12554,984245,36,1,0
d4b4ddea-3007-4239-9e31-b52c38235192,14818,586732,12,1,0
dd75c1a8-450b-478f-bb35-d0f97ead0672,22223,132075,12,1,0
f9c1c29c-322f-43b9-b4e1-a847ace8d5ea,15462,916782,48,0,1
c8a36e71-f1ec-4240-8c56-8ac75b132cd3,29266,942132,42,0,1
77d1826b-577a-4181-ba46-c41c75905e3d,30446,937414,42,1,1
cfab49c1-bc5f-416f-a5e0-8ba3fb64e057,18971,985365,30,1,0
678d649f-707e-4637-8d1b-b0807278f2ab,12867,900607,36,0,1
2396aa28-d892-4012-9f3e-40c873121b08,16573,796457,6,1,0
4a5a3463-e100-4ba1-862c-61e53650653e,22667,679613,30,1,0
1374bb89-1396-468a-ad19-02419486520b,12813,316819,42,0,0
09d01e2b-aaaa-4013-86ca-d5065949b839,31876,570498,36,0,1
6a745f24-a91d-4fd0-aa80-90705e21af33,20470,538218,30,1,1
4d88d841-a4b5-4302-aa33-fee893e2fe28,14686,373456,12,1,1
f67df37d-4bdd-43a0-86cf-8645b6631fe2,15878,272002,54,0,0
4639a240-a61a-43f2-a226-521ac6aa06ac,8552,109230,54,1,1
397e029b-8383-4630-ba62-24f7a8b2f3b2,14759,501270,54,1,1
8cfbd8d3-f6b0-4dd7-adec-00ee2917ae4b,10822,103036,60,0,0
f754270e-a0f8-425a-bcc6-a026c56b7ec5,15677,737045,54,1,1
348e221d-1e34-4d4c-8d66-14305f84521a,27396,134869,18,0,1
8d523186-d273-4c13-8024-8bc2e984c69d,35412,458255,30,1,1
7bc86953-dceb-4e11-842c-ba4c9bab0b7f,15599,261301,30,0,1
ffb448d3-390e-4d25-a3c6-b980127648f7,13352,327474,36,0,1
171555d0-b05b-4baa-95a0-732a04348d2b,22573,915767,18,1,0
4823c7e4-290c-461f-be81-1c9e35d43ee2,29778,946602,24,1,0
1a397ce4-e810-4e95-ae3a-bdd77f68f0b2,20743,616505,6,1,0
d7a3f8f2-1dc7-4ee6-bdd8-14a4b50ce4cd,24088,698965,54,1,1
b712adcb-e4d1-4937-ba53-54ec92c135ce,19961,157528,12,0,0
f1fe55e4-c1c3-4930-b0bf-849e6e381c5f,29693,641541,42,0,1
cb6d30aa-df6c-47d9-ab84-917a0bfe1683,20940,919360,24,0,1
24c85674-5d60-4538-9dd9-587d5aaa3c78,30624,869930,48,0,0
93205699-277c-4552-8828-0078b8c131ef,11128,644356,42,1,0
ca9ba6d5-5ca7-44d9-8daa-98c689d9079f,2101,595952,54,0,1
29f8297d-d188-4cd4-8def-a8f93697b5b4,28429,902076,60,1,1
1ae0b894-070c-442d-bfe4-6bb7504775c3,23031,584234,36,0,1
db18bb7f-6df9-40d9-8f4c-fc1d3891bcee,20377,557250,42,0,1
6ba1d3f9-8b94-450f-8fce-9dcbc5c5465a,20776,877840,18,0,1
b24fd94c-2bd4-4c48-b1fc-a16846950c9c,27720,409419,18,1,1
85f58dda-8f1b-45e4-83b0-f6d25c5aa469,21356,219720,12,0,1
a97075f9-8871-4d02-bced-2c36164408ab,19091,328659,36,0,1
347b01cc-f866-410f-a0f7-bd8c46aefaff,12805,563048,24,0,1
85f81a7a-1de1-4546-a31b-87c715e7049f,16100,140008,6,1,1
933ca079-6ffe-4b3f-84fe-e49db2c4b670,26945,639013,36,1,1
dcf97390-297c-494b-9a9f-2bf3757bce52,17115,142949,42,1,1
da9f31c0-eb3c-47ab-96a0-e3704bed892c,19036,162778,60,0,1
3e237de3-e3c0-4f31-b1b1-75b424eac8ba,29747,867570,30,1,0
b12fe65a-add2-43ac-a51f-67648a687d07,17967,436213,30,0,1
da4989d4-a6e1-460f-92a6-52a7fee2384a,17687,183205,60,1,1
57ff7c28-98fe-4ec0-be8b-56b441df9907,12375,105338,30,0,0
664c1a23-43b5-4d64-9efd-a5c5bc83f2c3,17402,916954,42,1,0
6a69c329-8d96-43d3-acab-54b94bc1a1d6,18110,853526,24,0,0
42670a17-d130-45d7-a9dc-70721724341d,29378,852745,18,0,1
3a330e2f-e62c-4b1f-9cdc-460f10e09ef6,23980,968074,6,0,1
7ac45afa-0952-4b4c-964b-dc95dae02194,12758,796408,36,1,0
b3a7c7ce-7e35-4955-b56b-b5e2304c0e0c,23237,859989,54,1,1
cd52dbbd-b953-4a9d-b6c4-1e01a8787747,6608,544618,42,0,1
